pool,policy_family,method_id,fold_id,seed_id,subjects,balanced_accuracy,accuracy,macro_f1,OUTER_TEST_USED,delta_balanced_accuracy_vs_target_keep,delta_balanced_accuracy_vs_best_ensemble,delta_accuracy_vs_target_keep,delta_accuracy_vs_best_ensemble,delta_macro_f1_vs_target_keep,delta_macro_f1_vs_best_ensemble,analysis_role
exploration,DIRECT_CONSENSUS_CONTROL,C1_GATED_DIRECT_CONSENSUS,0,0,26,0.8348076923076923,0.8348076923076923,0.8336583444541564,False,0.0024999999999999467,-0.013076923076923208,0.0024999999999999467,-0.013076923076923208,0.002274469226167808,-0.013401765606915084,SEPARATE_POOL_AUDIT
exploration,DIRECT_CONSENSUS_CONTROL,C1_GATED_DIRECT_CONSENSUS,0,1,26,0.8367307692307692,0.8367307692307692,0.8358224496932964,False,0.0059615384615383515,-0.011153846153846292,0.0059615384615383515,-0.011153846153846292,0.006670403293020821,-0.01123766036777507,SEPARATE_POOL_AUDIT
exploration,DIRECT_CONSENSUS_CONTROL,C1_GATED_DIRECT_CONSENSUS,1,0,26,0.8444230769230768,0.8444230769230768,0.8431745689098837,False,0.009423076923076756,-0.010384615384615548,0.009423076923076756,-0.010384615384615548,0.009501754333442691,-0.010777799960811074,SEPARATE_POOL_AUDIT
exploration,DIRECT_CONSENSUS_CONTROL,C1_GATED_DIRECT_CONSENSUS,1,1,26,0.8526923076923077,0.8526923076923077,0.851821498548264,False,0.036346153846153806,-0.00211538461538463,0.036346153846153806,-0.00211538461538463,0.03739114435770863,-0.0021308703224308667,SEPARATE_POOL_AUDIT
exploration,DIRECT_CONSENSUS_CONTROL,C1_GATED_DIRECT_CONSENSUS,2,0,27,0.8412962962962963,0.8412962962962963,0.8394888080492743,False,0.04518518518518522,-0.0033333333333332993,0.04518518518518522,-0.0033333333333332993,0.04573724279341462,-0.003150498839855964,SEPARATE_POOL_AUDIT
exploration,DIRECT_CONSENSUS_CONTROL,C1_GATED_DIRECT_CONSENSUS,2,1,27,0.8287037037037037,0.8287037037037037,0.8272741012135348,False,0.0033333333333332993,-0.0159259259259259,0.0033333333333332993,-0.0159259259259259,0.0038512934662193743,-0.015365205675595406,SEPARATE_POOL_AUDIT
exploration,DIRECT_CONSENSUS_CONTROL,C2_ACTION_MASKED_DIRECT_CONSENSUS_FULL,0,0,26,0.8334615384615384,0.8334615384615385,0.8325951305113902,False,0.001153846153846061,-0.014423076923077094,0.001153846153846172,-0.014423076923076983,0.0012112552834016022,-0.01446497954968129,SEPARATE_POOL_AUDIT
exploration,DIRECT_CONSENSUS_CONTROL,C2_ACTION_MASKED_DIRECT_CONSENSUS_FULL,0,1,26,0.8386538461538462,0.8386538461538462,0.8376488953485423,False,0.007884615384615379,-0.009230769230769265,0.007884615384615379,-0.009230769230769265,0.008496848948266633,-0.009411214712529259,SEPARATE_POOL_AUDIT
exploration,DIRECT_CONSENSUS_CONTROL,C2_ACTION_MASKED_DIRECT_CONSENSUS_FULL,1,0,26,0.8465384615384616,0.8465384615384616,0.8455042139721761,False,0.011538461538461497,-0.008269230769230806,0.011538461538461497,-0.008269230769230806,0.011831399395735076,-0.00844815489851869,SEPARATE_POOL_AUDIT
exploration,DIRECT_CONSENSUS_CONTROL,C2_ACTION_MASKED_DIRECT_CONSENSUS_FULL,1,1,26,0.8475,0.8475,0.846443448480335,False,0.031153846153846088,-0.007307692307692348,0.031153846153846088,-0.007307692307692348,0.03201309428977972,-0.0075089203903597745,SEPARATE_POOL_AUDIT
exploration,DIRECT_CONSENSUS_CONTROL,C2_ACTION_MASKED_DIRECT_CONSENSUS_FULL,2,0,27,0.8324074074074075,0.8324074074074075,0.8302457462708249,False,0.03629629629629638,-0.012222222222222134,0.03629629629629638,-0.012222222222222134,0.036494181014965266,-0.012393560618305322,SEPARATE_POOL_AUDIT
exploration,DIRECT_CONSENSUS_CONTROL,C2_ACTION_MASKED_DIRECT_CONSENSUS_FULL,2,1,27,0.8340740740740741,0.8340740740740741,0.8325875401359538,False,0.008703703703703658,-0.01055555555555554,0.008703703703703658,-0.01055555555555554,0.009164732388638352,-0.010051766753176428,SEPARATE_POOL_AUDIT
exploration,DIRECT_CONSENSUS_CONTROL,C3_ACTION_MASKED_DIRECT_CONSENSUS_PROTECTED_SAFE,0,0,26,0.8392307692307692,0.8392307692307692,0.8384811714126705,False,0.006923076923076921,-0.008653846153846234,0.006923076923076921,-0.008653846153846234,0.007097296184681912,-0.00857893864840098,SEPARATE_POOL_AUDIT
exploration,DIRECT_CONSENSUS_CONTROL,C3_ACTION_MASKED_DIRECT_CONSENSUS_PROTECTED_SAFE,0,1,26,0.838076923076923,0.838076923076923,0.8364492315994052,False,0.007307692307692237,-0.009807692307692406,0.007307692307692237,-0.009807692307692406,0.0072971851991295855,-0.010610878461666307,SEPARATE_POOL_AUDIT
exploration,DIRECT_CONSENSUS_CONTROL,C3_ACTION_MASKED_DIRECT_CONSENSUS_PROTECTED_SAFE,1,0,26,0.8359615384615384,0.8359615384615384,0.8344464028516912,False,0.0009615384615383471,-0.018846153846153957,0.0009615384615383471,-0.018846153846153957,0.0007735882752502032,-0.019505966019003562,SEPARATE_POOL_AUDIT
exploration,DIRECT_CONSENSUS_CONTROL,C3_ACTION_MASKED_DIRECT_CONSENSUS_PROTECTED_SAFE,1,1,26,0.8303846153846154,0.8303846153846154,0.8289029735357369,False,0.014038461538461444,-0.024423076923076992,0.014038461538461444,-0.024423076923076992,0.014472619345181625,-0.02504939533495787,SEPARATE_POOL_AUDIT
exploration,DIRECT_CONSENSUS_CONTROL,C3_ACTION_MASKED_DIRECT_CONSENSUS_PROTECTED_SAFE,2,0,27,0.8105555555555556,0.8105555555555555,0.8086998284298119,False,0.014444444444444482,-0.034074074074074034,0.014444444444444371,-0.034074074074074145,0.014948263173952259,-0.03393947845931833,SEPARATE_POOL_AUDIT
exploration,DIRECT_CONSENSUS_CONTROL,C3_ACTION_MASKED_DIRECT_CONSENSUS_PROTECTED_SAFE,2,1,27,0.8305555555555556,0.8305555555555556,0.8281559982312783,False,0.005185185185185182,-0.014074074074074017,0.005185185185185182,-0.014074074074074017,0.0047331904839628125,-0.014483308657851968,SEPARATE_POOL_AUDIT
exploration,FROZEN_V2_INTERVENTION,I003_CROSS_RUN_FULL,0,0,26,0.8334615384615384,0.8334615384615385,0.8325951305113902,False,0.001153846153846061,-0.014423076923077094,0.001153846153846172,-0.014423076923076983,0.0012112552834016022,-0.01446497954968129,SEPARATE_POOL_AUDIT
exploration,FROZEN_V2_INTERVENTION,I003_CROSS_RUN_FULL,0,1,26,0.8386538461538462,0.8386538461538462,0.8376488953485423,False,0.007884615384615379,-0.009230769230769265,0.007884615384615379,-0.009230769230769265,0.008496848948266633,-0.009411214712529259,SEPARATE_POOL_AUDIT
exploration,FROZEN_V2_INTERVENTION,I003_CROSS_RUN_FULL,1,0,26,0.8465384615384616,0.8465384615384616,0.8455042139721761,False,0.011538461538461497,-0.008269230769230806,0.011538461538461497,-0.008269230769230806,0.011831399395735076,-0.00844815489851869,SEPARATE_POOL_AUDIT
exploration,FROZEN_V2_INTERVENTION,I003_CROSS_RUN_FULL,1,1,26,0.8475,0.8475,0.846443448480335,False,0.031153846153846088,-0.007307692307692348,0.031153846153846088,-0.007307692307692348,0.03201309428977972,-0.0075089203903597745,SEPARATE_POOL_AUDIT
exploration,FROZEN_V2_INTERVENTION,I003_CROSS_RUN_FULL,2,0,27,0.8324074074074075,0.8324074074074075,0.8302457462708249,False,0.03629629629629638,-0.012222222222222134,0.03629629629629638,-0.012222222222222134,0.036494181014965266,-0.012393560618305322,SEPARATE_POOL_AUDIT
exploration,FROZEN_V2_INTERVENTION,I003_CROSS_RUN_FULL,2,1,27,0.8340740740740741,0.8340740740740741,0.8325875401359538,False,0.008703703703703658,-0.01055555555555554,0.008703703703703658,-0.01055555555555554,0.009164732388638352,-0.010051766753176428,SEPARATE_POOL_AUDIT
exploration,FROZEN_V2_INTERVENTION,I003_CROSS_RUN_PROTECTED_SAFE,0,0,26,0.8392307692307692,0.8392307692307692,0.8384811714126705,False,0.006923076923076921,-0.008653846153846234,0.006923076923076921,-0.008653846153846234,0.007097296184681912,-0.00857893864840098,SEPARATE_POOL_AUDIT
exploration,FROZEN_V2_INTERVENTION,I003_CROSS_RUN_PROTECTED_SAFE,0,1,26,0.838076923076923,0.838076923076923,0.8364492315994052,False,0.007307692307692237,-0.009807692307692406,0.007307692307692237,-0.009807692307692406,0.0072971851991295855,-0.010610878461666307,SEPARATE_POOL_AUDIT
exploration,FROZEN_V2_INTERVENTION,I003_CROSS_RUN_PROTECTED_SAFE,1,0,26,0.8359615384615384,0.8359615384615384,0.8344464028516912,False,0.0009615384615383471,-0.018846153846153957,0.0009615384615383471,-0.018846153846153957,0.0007735882752502032,-0.019505966019003562,SEPARATE_POOL_AUDIT
exploration,FROZEN_V2_INTERVENTION,I003_CROSS_RUN_PROTECTED_SAFE,1,1,26,0.8303846153846154,0.8303846153846154,0.8289029735357369,False,0.014038461538461444,-0.024423076923076992,0.014038461538461444,-0.024423076923076992,0.014472619345181625,-0.02504939533495787,SEPARATE_POOL_AUDIT
exploration,FROZEN_V2_INTERVENTION,I003_CROSS_RUN_PROTECTED_SAFE,2,0,27,0.8105555555555556,0.8105555555555555,0.8086998284298119,False,0.014444444444444482,-0.034074074074074034,0.014444444444444371,-0.034074074074074145,0.014948263173952259,-0.03393947845931833,SEPARATE_POOL_AUDIT
exploration,FROZEN_V2_INTERVENTION,I003_CROSS_RUN_PROTECTED_SAFE,2,1,27,0.8305555555555556,0.8305555555555556,0.8281559982312783,False,0.005185185185185182,-0.014074074074074017,0.005185185185185182,-0.014074074074074017,0.0047331904839628125,-0.014483308657851968,SEPARATE_POOL_AUDIT
exploration,KEEP_ONLY_ENSEMBLE,B0_TARGET_KEEP,0,0,26,0.8323076923076923,0.8323076923076923,0.8313838752279886,False,0.0,-0.015576923076923155,0.0,-0.015576923076923155,0.0,-0.01567623483308289,SEPARATE_POOL_AUDIT
exploration,KEEP_ONLY_ENSEMBLE,B0_TARGET_KEEP,0,1,26,0.8307692307692308,0.8307692307692308,0.8291520464002756,False,0.0,-0.017115384615384643,0.0,-0.017115384615384643,0.0,-0.017908063660795892,SEPARATE_POOL_AUDIT
exploration,KEEP_ONLY_ENSEMBLE,B0_TARGET_KEEP,1,0,26,0.8350000000000001,0.8350000000000001,0.833672814576441,False,0.0,-0.019807692307692304,0.0,-0.019807692307692304,0.0,-0.020279554294253765,SEPARATE_POOL_AUDIT
exploration,KEEP_ONLY_ENSEMBLE,B0_TARGET_KEEP,1,1,26,0.8163461538461539,0.8163461538461539,0.8144303541905553,False,0.0,-0.038461538461538436,0.0,-0.038461538461538436,0.0,-0.039522014680139494,SEPARATE_POOL_AUDIT
exploration,KEEP_ONLY_ENSEMBLE,B0_TARGET_KEEP,2,0,27,0.7961111111111111,0.7961111111111111,0.7937515652558597,False,0.0,-0.048518518518518516,0.0,-0.048518518518518516,0.0,-0.04888774163327059,SEPARATE_POOL_AUDIT
exploration,KEEP_ONLY_ENSEMBLE,B0_TARGET_KEEP,2,1,27,0.8253703703703704,0.8253703703703704,0.8234228077473155,False,0.0,-0.019259259259259198,0.0,-0.019259259259259198,0.0,-0.01921649914181478,SEPARATE_POOL_AUDIT
exploration,KEEP_ONLY_ENSEMBLE,B1_OTHER_RUN_HARD_MAJORITY,0,0,26,0.8348076923076923,0.8348076923076923,0.8336583444541564,False,0.0024999999999999467,-0.013076923076923208,0.0024999999999999467,-0.013076923076923208,0.002274469226167808,-0.013401765606915084,SEPARATE_POOL_AUDIT
exploration,KEEP_ONLY_ENSEMBLE,B1_OTHER_RUN_HARD_MAJORITY,0,1,26,0.8367307692307692,0.8367307692307692,0.8358224496932964,False,0.0059615384615383515,-0.011153846153846292,0.0059615384615383515,-0.011153846153846292,0.006670403293020821,-0.01123766036777507,SEPARATE_POOL_AUDIT
exploration,KEEP_ONLY_ENSEMBLE,B1_OTHER_RUN_HARD_MAJORITY,1,0,26,0.8444230769230768,0.8444230769230768,0.8431745689098837,False,0.009423076923076756,-0.010384615384615548,0.009423076923076756,-0.010384615384615548,0.009501754333442691,-0.010777799960811074,SEPARATE_POOL_AUDIT
exploration,KEEP_ONLY_ENSEMBLE,B1_OTHER_RUN_HARD_MAJORITY,1,1,26,0.8526923076923077,0.8526923076923077,0.851821498548264,False,0.036346153846153806,-0.00211538461538463,0.036346153846153806,-0.00211538461538463,0.03739114435770863,-0.0021308703224308667,SEPARATE_POOL_AUDIT
exploration,KEEP_ONLY_ENSEMBLE,B1_OTHER_RUN_HARD_MAJORITY,2,0,27,0.8412962962962963,0.8412962962962963,0.8394888080492743,False,0.04518518518518522,-0.0033333333333332993,0.04518518518518522,-0.0033333333333332993,0.04573724279341462,-0.003150498839855964,SEPARATE_POOL_AUDIT
exploration,KEEP_ONLY_ENSEMBLE,B1_OTHER_RUN_HARD_MAJORITY,2,1,27,0.8287037037037037,0.8287037037037037,0.8272741012135348,False,0.0033333333333332993,-0.0159259259259259,0.0033333333333332993,-0.0159259259259259,0.0038512934662193743,-0.015365205675595406,SEPARATE_POOL_AUDIT
exploration,KEEP_ONLY_ENSEMBLE,B2_ALL_RUN_HARD_MAJORITY,0,0,26,0.8421153846153846,0.8421153846153846,0.8410455491339098,False,0.009807692307692295,-0.00576923076923086,0.009807692307692295,-0.00576923076923086,0.009661673905921209,-0.006014560927161683,SEPARATE_POOL_AUDIT
exploration,KEEP_ONLY_ENSEMBLE,B2_ALL_RUN_HARD_MAJORITY,0,1,26,0.8421153846153846,0.8421153846153846,0.8410455491339098,False,0.011346153846153784,-0.00576923076923086,0.011346153846153784,-0.00576923076923086,0.01189350273363421,-0.006014560927161683,SEPARATE_POOL_AUDIT
exploration,KEEP_ONLY_ENSEMBLE,B2_ALL_RUN_HARD_MAJORITY,1,0,26,0.8501923076923077,0.8501923076923077,0.8493644263732203,False,0.015192307692307616,-0.004615384615384688,0.015192307692307616,-0.004615384615384688,0.015691611796779248,-0.0045879424974745175,SEPARATE_POOL_AUDIT
exploration,KEEP_ONLY_ENSEMBLE,B2_ALL_RUN_HARD_MAJORITY,1,1,26,0.8501923076923077,0.8501923076923077,0.8493644263732203,False,0.03384615384615375,-0.004615384615384688,0.03384615384615375,-0.004615384615384688,0.03493407218266498,-0.0045879424974745175,SEPARATE_POOL_AUDIT
exploration,KEEP_ONLY_ENSEMBLE,B2_ALL_RUN_HARD_MAJORITY,2,0,27,0.8355555555555555,0.8355555555555555,0.8342323224185684,False,0.03944444444444439,-0.009074074074074123,0.03944444444444439,-0.009074074074074123,0.040480757162708714,-0.008406984470561873,SEPARATE_POOL_AUDIT
exploration,KEEP_ONLY_ENSEMBLE,B2_ALL_RUN_HARD_MAJORITY,2,1,27,0.8355555555555555,0.8355555555555555,0.8342323224185684,False,0.010185185185185075,-0.009074074074074123,0.010185185185185075,-0.009074074074074123,0.010809514671252907,-0.008406984470561873,SEPARATE_POOL_AUDIT
exploration,KEEP_ONLY_ENSEMBLE,B3_OTHER_RUN_PROBABILITY_MEAN,0,0,26,0.8394230769230769,0.8394230769230769,0.838288873708406,False,0.0071153846153846345,-0.00846153846153852,0.0071153846153846345,-0.00846153846153852,0.006904998480417368,-0.008771236352665523,SEPARATE_POOL_AUDIT
exploration,KEEP_ONLY_ENSEMBLE,B3_OTHER_RUN_PROBABILITY_MEAN,0,1,26,0.8392307692307692,0.8392307692307692,0.8383824963796023,False,0.00846153846153841,-0.008653846153846234,0.00846153846153841,-0.008653846153846234,0.00923044997932665,-0.008677613681469243,SEPARATE_POOL_AUDIT
exploration,KEEP_ONLY_ENSEMBLE,B3_OTHER_RUN_PROBABILITY_MEAN,1,0,26,0.8476923076923076,0.8476923076923076,0.8465635352993878,False,0.012692307692307558,-0.0071153846153847455,0.012692307692307558,-0.0071153846153847455,0.012890720722946725,-0.007388833571307041,SEPARATE_POOL_AUDIT
exploration,KEEP_ONLY_ENSEMBLE,B3_OTHER_RUN_PROBABILITY_MEAN,1,1,26,0.856923076923077,0.856923076923077,0.8561590045513479,False,0.040576923076923066,0.00211538461538463,0.040576923076923066,0.00211538461538463,0.04172865036079254,0.0022066356806530463,SEPARATE_POOL_AUDIT
exploration,KEEP_ONLY_ENSEMBLE,B3_OTHER_RUN_PROBABILITY_MEAN,2,0,27,0.8481481481481481,0.8481481481481481,0.8464310562373386,False,0.05203703703703699,0.0035185185185184764,0.05203703703703699,0.0035185185185184764,0.05267949098147895,0.003791749348208362,SEPARATE_POOL_AUDIT
exploration,KEEP_ONLY_ENSEMBLE,B3_OTHER_RUN_PROBABILITY_MEAN,2,1,27,0.8348148148148148,0.8348148148148148,0.8334920528271388,False,0.009444444444444366,-0.009814814814814832,0.009444444444444366,-0.009814814814814832,0.010069245079823319,-0.009147254061991461,SEPARATE_POOL_AUDIT
exploration,KEEP_ONLY_ENSEMBLE,B4_ALL_RUN_PROBABILITY_MEAN,0,0,26,0.8478846153846153,0.8478846153846155,0.847049642558432,False,0.015576923076923044,-1.1102230246251565e-16,0.015576923076923155,0.0,0.015665767330443336,-1.0467502639555093e-05,SEPARATE_POOL_AUDIT
exploration,KEEP_ONLY_ENSEMBLE,B4_ALL_RUN_PROBABILITY_MEAN,0,1,26,0.8478846153846153,0.8478846153846155,0.847049642558432,False,0.017115384615384532,-1.1102230246251565e-16,0.017115384615384643,0.0,0.017897596158156337,-1.0467502639555093e-05,SEPARATE_POOL_AUDIT
exploration,KEEP_ONLY_ENSEMBLE,B4_ALL_RUN_PROBABILITY_MEAN,1,0,26,0.8546153846153846,0.8546153846153846,0.8537390744166508,False,0.01961538461538448,-0.00019230769230782485,0.01961538461538448,-0.00019230769230782485,0.02006625984020971,-0.00021329445404405512,SEPARATE_POOL_AUDIT
exploration,KEEP_ONLY_ENSEMBLE,B4_ALL_RUN_PROBABILITY_MEAN,1,1,26,0.8546153846153846,0.8546153846153846,0.8537390744166508,False,0.03826923076923061,-0.00019230769230782485,0.03826923076923061,-0.00019230769230782485,0.03930872022609544,-0.00021329445404405512,SEPARATE_POOL_AUDIT
exploration,KEEP_ONLY_ENSEMBLE,B4_ALL_RUN_PROBABILITY_MEAN,2,0,27,0.8444444444444444,0.8444444444444444,0.8424590323155554,False,0.04833333333333334,-0.00018518518518517713,0.04833333333333334,-0.00018518518518517713,0.04870746705969575,-0.00018027457357483456,SEPARATE_POOL_AUDIT
exploration,KEEP_ONLY_ENSEMBLE,B4_ALL_RUN_PROBABILITY_MEAN,2,1,27,0.8444444444444444,0.8444444444444444,0.8424590323155554,False,0.01907407407407402,-0.00018518518518517713,0.01907407407407402,-0.00018518518518517713,0.019036224568239946,-0.00018027457357483456,SEPARATE_POOL_AUDIT
exploration,KEEP_ONLY_ENSEMBLE,B5_OTHER_RUN_LOGIT_MEAN,0,0,26,0.8390384615384616,0.8390384615384616,0.8378995221800682,False,0.006730769230769318,-0.008846153846153837,0.006730769230769318,-0.008846153846153837,0.006515646952079623,-0.009160587881003268,SEPARATE_POOL_AUDIT
exploration,KEEP_ONLY_ENSEMBLE,B5_OTHER_RUN_LOGIT_MEAN,0,1,26,0.8388461538461538,0.8388461538461538,0.8379487588588592,False,0.008076923076922982,-0.009038461538461662,0.008076923076922982,-0.009038461538461662,0.0087967124585836,-0.009111351202212292,SEPARATE_POOL_AUDIT
exploration,KEEP_ONLY_ENSEMBLE,B5_OTHER_RUN_LOGIT_MEAN,1,0,26,0.8480769230769231,0.8480769230769231,0.8469569411815474,False,0.013076923076922986,-0.006730769230769318,0.013076923076922986,-0.006730769230769318,0.013284126605106361,-0.006995427689147404,SEPARATE_POOL_AUDIT
exploration,KEEP_ONLY_ENSEMBLE,B5_OTHER_RUN_LOGIT_MEAN,1,1,26,0.8565384615384615,0.8565384615384615,0.8557783343239541,False,0.04019230769230753,0.0017307692307690914,0.04019230769230753,0.0017307692307690914,0.0413479801333988,0.001825965453259304,SEPARATE_POOL_AUDIT
exploration,KEEP_ONLY_ENSEMBLE,B5_OTHER_RUN_LOGIT_MEAN,2,0,27,0.8485185185185186,0.8485185185185186,0.8467876805312913,False,0.05240740740740746,0.0038888888888889417,0.05240740740740746,0.0038888888888889417,0.05303611527543162,0.0041483736421610296,SEPARATE_POOL_AUDIT
exploration,KEEP_ONLY_ENSEMBLE,B5_OTHER_RUN_LOGIT_MEAN,2,1,27,0.8353703703703703,0.8353703703703703,0.8340565152271244,False,0.009999999999999898,-0.0092592592592593,0.009999999999999898,-0.0092592592592593,0.010633707479808963,-0.008582791662005818,SEPARATE_POOL_AUDIT
exploration,KEEP_ONLY_ENSEMBLE,B6_ALL_RUN_LOGIT_MEAN,0,0,26,0.8478846153846155,0.8478846153846155,0.8470601100610715,False,0.015576923076923155,0.0,0.015576923076923155,0.0,0.01567623483308289,0.0,SEPARATE_POOL_AUDIT
exploration,KEEP_ONLY_ENSEMBLE,B6_ALL_RUN_LOGIT_MEAN,0,1,26,0.8478846153846155,0.8478846153846155,0.8470601100610715,False,0.017115384615384643,0.0,0.017115384615384643,0.0,0.017908063660795892,0.0,SEPARATE_POOL_AUDIT
exploration,KEEP_ONLY_ENSEMBLE,B6_ALL_RUN_LOGIT_MEAN,1,0,26,0.8548076923076924,0.8548076923076924,0.8539523688706948,False,0.019807692307692304,0.0,0.019807692307692304,0.0,0.020279554294253765,0.0,SEPARATE_POOL_AUDIT
exploration,KEEP_ONLY_ENSEMBLE,B6_ALL_RUN_LOGIT_MEAN,1,1,26,0.8548076923076924,0.8548076923076924,0.8539523688706948,False,0.038461538461538436,0.0,0.038461538461538436,0.0,0.039522014680139494,0.0,SEPARATE_POOL_AUDIT
exploration,KEEP_ONLY_ENSEMBLE,B6_ALL_RUN_LOGIT_MEAN,2,0,27,0.8446296296296296,0.8446296296296296,0.8426393068891302,False,0.048518518518518516,0.0,0.048518518518518516,0.0,0.04888774163327059,0.0,SEPARATE_POOL_AUDIT
exploration,KEEP_ONLY_ENSEMBLE,B6_ALL_RUN_LOGIT_MEAN,2,1,27,0.8446296296296296,0.8446296296296296,0.8426393068891302,False,0.019259259259259198,0.0,0.019259259259259198,0.0,0.01921649914181478,0.0,SEPARATE_POOL_AUDIT
exploration,KEEP_ONLY_ENSEMBLE,B7_CONFIDENCE_WEIGHTED_KEEP_ENSEMBLE,0,0,26,0.8471153846153846,0.8471153846153846,0.8462715689457236,False,0.0148076923076923,-0.0007692307692308553,0.0148076923076923,-0.0007692307692308553,0.014887693717735018,-0.0007885411153478739,SEPARATE_POOL_AUDIT
exploration,KEEP_ONLY_ENSEMBLE,B7_CONFIDENCE_WEIGHTED_KEEP_ENSEMBLE,0,1,26,0.8471153846153846,0.8471153846153846,0.8462715689457236,False,0.016346153846153788,-0.0007692307692308553,0.016346153846153788,-0.0007692307692308553,0.017119522545448018,-0.0007885411153478739,SEPARATE_POOL_AUDIT
exploration,KEEP_ONLY_ENSEMBLE,B7_CONFIDENCE_WEIGHTED_KEEP_ENSEMBLE,1,0,26,0.854423076923077,0.854423076923077,0.8535071439419368,False,0.019423076923076876,-0.00038461538461542766,0.019423076923076876,-0.00038461538461542766,0.019834329365495784,-0.00044522492875798125,SEPARATE_POOL_AUDIT
exploration,KEEP_ONLY_ENSEMBLE,B7_CONFIDENCE_WEIGHTED_KEEP_ENSEMBLE,1,1,26,0.854423076923077,0.854423076923077,0.8535071439419368,False,0.03807692307692301,-0.00038461538461542766,0.03807692307692301,-0.00038461538461542766,0.03907678975138151,-0.00044522492875798125,SEPARATE_POOL_AUDIT
exploration,KEEP_ONLY_ENSEMBLE,B7_CONFIDENCE_WEIGHTED_KEEP_ENSEMBLE,2,0,27,0.8435185185185184,0.8435185185185184,0.8414930805468553,False,0.04740740740740734,-0.0011111111111111738,0.04740740740740734,-0.0011111111111111738,0.047741515290995684,-0.001146226342274903,SEPARATE_POOL_AUDIT
exploration,KEEP_ONLY_ENSEMBLE,B7_CONFIDENCE_WEIGHTED_KEEP_ENSEMBLE,2,1,27,0.8435185185185184,0.8435185185185184,0.8414930805468553,False,0.018148148148148024,-0.0011111111111111738,0.018148148148148024,-0.0011111111111111738,0.018070272799539877,-0.001146226342274903,SEPARATE_POOL_AUDIT
holdout,DIRECT_CONSENSUS_CONTROL,C1_GATED_DIRECT_CONSENSUS,0,0,8,0.8406250000000001,0.840625,0.8379930153417781,False,-0.0031249999999999334,-0.014999999999999902,-0.0031250000000000444,-0.015000000000000013,-0.004237130291367741,-0.015459843661073447,SEPARATE_POOL_AUDIT
holdout,DIRECT_CONSENSUS_CONTROL,C1_GATED_DIRECT_CONSENSUS,0,1,8,0.854375,0.854375,0.8526946593775767,False,0.018750000000000044,-0.0012499999999999734,0.018750000000000044,-0.0012499999999999734,0.021804179648771127,-0.0007581996252747913,SEPARATE_POOL_AUDIT
holdout,DIRECT_CONSENSUS_CONTROL,C1_GATED_DIRECT_CONSENSUS,1,0,8,0.8375,0.8375,0.8350557638551269,False,-0.007499999999999951,-0.010624999999999996,-0.007499999999999951,-0.010624999999999996,-0.008938866155303482,-0.010937203103539073,SEPARATE_POOL_AUDIT
holdout,DIRECT_CONSENSUS_CONTROL,C1_GATED_DIRECT_CONSENSUS,1,1,8,0.840625,0.840625,0.8373173347543134,False,0.015625,-0.007500000000000062,0.015625,-0.007500000000000062,0.01456591272385277,-0.008675632204352635,SEPARATE_POOL_AUDIT
holdout,DIRECT_CONSENSUS_CONTROL,C1_GATED_DIRECT_CONSENSUS,2,0,7,0.8792857142857143,0.8792857142857143,0.877369855632691,False,0.03928571428571437,0.0028571428571428914,0.03928571428571437,0.0028571428571428914,0.04441493173008959,0.0038384526047237078,SEPARATE_POOL_AUDIT
holdout,DIRECT_CONSENSUS_CONTROL,C1_GATED_DIRECT_CONSENSUS,2,1,7,0.8707142857142857,0.8707142857142857,0.8680872530823759,False,0.0071428571428571175,-0.005714285714285783,0.0071428571428571175,-0.005714285714285783,0.0070844882490957994,-0.005444149945591392,SEPARATE_POOL_AUDIT
holdout,DIRECT_CONSENSUS_CONTROL,C2_ACTION_MASKED_DIRECT_CONSENSUS_FULL,0,0,8,0.8362499999999999,0.8362499999999999,0.8337981832474994,False,-0.007500000000000062,-0.01937500000000003,-0.007500000000000062,-0.01937500000000003,-0.008431962385646363,-0.01965467575535207,SEPARATE_POOL_AUDIT
holdout,DIRECT_CONSENSUS_CONTROL,C2_ACTION_MASKED_DIRECT_CONSENSUS_FULL,0,1,8,0.850625,0.850625,0.8475152241378128,False,0.015000000000000013,-0.0050000000000000044,0.015000000000000013,-0.0050000000000000044,0.016624744409007186,-0.005937634865038732,SEPARATE_POOL_AUDIT
holdout,DIRECT_CONSENSUS_CONTROL,C2_ACTION_MASKED_DIRECT_CONSENSUS_FULL,1,0,8,0.841875,0.8418749999999999,0.8397336713304099,False,-0.0031249999999999334,-0.006249999999999978,-0.0031250000000000444,-0.006250000000000089,-0.004260958680020521,-0.006259295628256112,SEPARATE_POOL_AUDIT
holdout,DIRECT_CONSENSUS_CONTROL,C2_ACTION_MASKED_DIRECT_CONSENSUS_FULL,1,1,8,0.841875,0.841875,0.8395712599273673,False,0.016875000000000084,-0.006249999999999978,0.016875000000000084,-0.006249999999999978,0.016819837896906664,-0.00642170703129874,SEPARATE_POOL_AUDIT
holdout,DIRECT_CONSENSUS_CONTROL,C2_ACTION_MASKED_DIRECT_CONSENSUS_FULL,2,0,7,0.8671428571428572,0.8671428571428572,0.8635980501063656,False,0.027142857142857246,-0.00928571428571423,0.027142857142857246,-0.00928571428571423,0.030643126203764193,-0.00993335292160169,SEPARATE_POOL_AUDIT
holdout,DIRECT_CONSENSUS_CONTROL,C2_ACTION_MASKED_DIRECT_CONSENSUS_FULL,2,1,7,0.875,0.875,0.8725675952792521,False,0.011428571428571455,-0.0014285714285714457,0.011428571428571455,-0.0014285714285714457,0.011564830445972007,-0.0009638077487151842,SEPARATE_POOL_AUDIT
holdout,DIRECT_CONSENSUS_CONTROL,C3_ACTION_MASKED_DIRECT_CONSENSUS_PROTECTED_SAFE,0,0,8,0.845,0.845,0.8434884602090882,False,0.0012499999999999734,-0.010624999999999996,0.0012499999999999734,-0.010624999999999996,0.0012583145759423875,-0.009964398793763318,SEPARATE_POOL_AUDIT
holdout,DIRECT_CONSENSUS_CONTROL,C3_ACTION_MASKED_DIRECT_CONSENSUS_PROTECTED_SAFE,0,1,8,0.845,0.845,0.8426494036807683,False,0.009375000000000022,-0.010624999999999996,0.009375000000000022,-0.010624999999999996,0.011758923951962763,-0.010803455322083155,SEPARATE_POOL_AUDIT
holdout,DIRECT_CONSENSUS_CONTROL,C3_ACTION_MASKED_DIRECT_CONSENSUS_PROTECTED_SAFE,1,0,8,0.854375,0.854375,0.8531597246972289,False,0.009375000000000022,0.006249999999999978,0.009375000000000022,0.006249999999999978,0.009165094686798492,0.007166757738562901,SEPARATE_POOL_AUDIT
holdout,DIRECT_CONSENSUS_CONTROL,C3_ACTION_MASKED_DIRECT_CONSENSUS_PROTECTED_SAFE,1,1,8,0.8325,0.8325,0.8306607209397608,False,0.007500000000000062,-0.015625,0.007500000000000062,-0.015625,0.007909298909300255,-0.015332246018905149,SEPARATE_POOL_AUDIT
holdout,DIRECT_CONSENSUS_CONTROL,C3_ACTION_MASKED_DIRECT_CONSENSUS_PROTECTED_SAFE,2,0,7,0.8507142857142858,0.8507142857142858,0.8428968384136082,False,0.010714285714285787,-0.02571428571428569,0.010714285714285787,-0.02571428571428569,0.009941914511006789,-0.030634564614359094,SEPARATE_POOL_AUDIT
holdout,DIRECT_CONSENSUS_CONTROL,C3_ACTION_MASKED_DIRECT_CONSENSUS_PROTECTED_SAFE,2,1,7,0.8692857142857143,0.8692857142857143,0.8673407511478315,False,0.005714285714285783,-0.0071428571428571175,0.005714285714285783,-0.0071428571428571175,0.006337986314551403,-0.006190651880135789,SEPARATE_POOL_AUDIT
holdout,FROZEN_V2_INTERVENTION,I003_CROSS_RUN_FULL,0,0,8,0.8362499999999999,0.8362499999999999,0.8337981832474994,False,-0.007500000000000062,-0.01937500000000003,-0.007500000000000062,-0.01937500000000003,-0.008431962385646363,-0.01965467575535207,SEPARATE_POOL_AUDIT
holdout,FROZEN_V2_INTERVENTION,I003_CROSS_RUN_FULL,0,1,8,0.850625,0.850625,0.8475152241378128,False,0.015000000000000013,-0.0050000000000000044,0.015000000000000013,-0.0050000000000000044,0.016624744409007186,-0.005937634865038732,SEPARATE_POOL_AUDIT
holdout,FROZEN_V2_INTERVENTION,I003_CROSS_RUN_FULL,1,0,8,0.841875,0.8418749999999999,0.8397336713304099,False,-0.0031249999999999334,-0.006249999999999978,-0.0031250000000000444,-0.006250000000000089,-0.004260958680020521,-0.006259295628256112,SEPARATE_POOL_AUDIT
holdout,FROZEN_V2_INTERVENTION,I003_CROSS_RUN_FULL,1,1,8,0.841875,0.841875,0.8395712599273673,False,0.016875000000000084,-0.006249999999999978,0.016875000000000084,-0.006249999999999978,0.016819837896906664,-0.00642170703129874,SEPARATE_POOL_AUDIT
holdout,FROZEN_V2_INTERVENTION,I003_CROSS_RUN_FULL,2,0,7,0.8671428571428572,0.8671428571428572,0.8635980501063656,False,0.027142857142857246,-0.00928571428571423,0.027142857142857246,-0.00928571428571423,0.030643126203764193,-0.00993335292160169,SEPARATE_POOL_AUDIT
holdout,FROZEN_V2_INTERVENTION,I003_CROSS_RUN_FULL,2,1,7,0.875,0.875,0.8725675952792521,False,0.011428571428571455,-0.0014285714285714457,0.011428571428571455,-0.0014285714285714457,0.011564830445972007,-0.0009638077487151842,SEPARATE_POOL_AUDIT
holdout,FROZEN_V2_INTERVENTION,I003_CROSS_RUN_PROTECTED_SAFE,0,0,8,0.845,0.845,0.8434884602090882,False,0.0012499999999999734,-0.010624999999999996,0.0012499999999999734,-0.010624999999999996,0.0012583145759423875,-0.009964398793763318,SEPARATE_POOL_AUDIT
holdout,FROZEN_V2_INTERVENTION,I003_CROSS_RUN_PROTECTED_SAFE,0,1,8,0.845,0.845,0.8426494036807683,False,0.009375000000000022,-0.010624999999999996,0.009375000000000022,-0.010624999999999996,0.011758923951962763,-0.010803455322083155,SEPARATE_POOL_AUDIT
holdout,FROZEN_V2_INTERVENTION,I003_CROSS_RUN_PROTECTED_SAFE,1,0,8,0.854375,0.854375,0.8531597246972289,False,0.009375000000000022,0.006249999999999978,0.009375000000000022,0.006249999999999978,0.009165094686798492,0.007166757738562901,SEPARATE_POOL_AUDIT
holdout,FROZEN_V2_INTERVENTION,I003_CROSS_RUN_PROTECTED_SAFE,1,1,8,0.8325,0.8325,0.8306607209397608,False,0.007500000000000062,-0.015625,0.007500000000000062,-0.015625,0.007909298909300255,-0.015332246018905149,SEPARATE_POOL_AUDIT
holdout,FROZEN_V2_INTERVENTION,I003_CROSS_RUN_PROTECTED_SAFE,2,0,7,0.8507142857142858,0.8507142857142858,0.8428968384136082,False,0.010714285714285787,-0.02571428571428569,0.010714285714285787,-0.02571428571428569,0.009941914511006789,-0.030634564614359094,SEPARATE_POOL_AUDIT
holdout,FROZEN_V2_INTERVENTION,I003_CROSS_RUN_PROTECTED_SAFE,2,1,7,0.8692857142857143,0.8692857142857143,0.8673407511478315,False,0.005714285714285783,-0.0071428571428571175,0.005714285714285783,-0.0071428571428571175,0.006337986314551403,-0.006190651880135789,SEPARATE_POOL_AUDIT
holdout,KEEP_ONLY_ENSEMBLE,B0_TARGET_KEEP,0,0,8,0.84375,0.84375,0.8422301456331458,False,0.0,-0.011874999999999969,0.0,-0.011874999999999969,0.0,-0.011222713369705706,SEPARATE_POOL_AUDIT
holdout,KEEP_ONLY_ENSEMBLE,B0_TARGET_KEEP,0,1,8,0.835625,0.835625,0.8308904797288056,False,0.0,-0.020000000000000018,0.0,-0.020000000000000018,0.0,-0.02256237927404592,SEPARATE_POOL_AUDIT
holdout,KEEP_ONLY_ENSEMBLE,B0_TARGET_KEEP,1,0,8,0.845,0.845,0.8439946300104304,False,0.0,-0.0031250000000000444,0.0,-0.0031250000000000444,0.0,-0.0019983369482355906,SEPARATE_POOL_AUDIT
holdout,KEEP_ONLY_ENSEMBLE,B0_TARGET_KEEP,1,1,8,0.825,0.825,0.8227514220304606,False,0.0,-0.023125000000000062,0.0,-0.023125000000000062,0.0,-0.023241544928205404,SEPARATE_POOL_AUDIT
holdout,KEEP_ONLY_ENSEMBLE,B0_TARGET_KEEP,2,0,7,0.84,0.84,0.8329549239026014,False,0.0,-0.03642857142857148,0.0,-0.03642857142857148,0.0,-0.04057647912536588,SEPARATE_POOL_AUDIT
holdout,KEEP_ONLY_ENSEMBLE,B0_TARGET_KEEP,2,1,7,0.8635714285714285,0.8635714285714285,0.8610027648332801,False,0.0,-0.0128571428571429,0.0,-0.0128571428571429,0.0,-0.012528638194687192,SEPARATE_POOL_AUDIT
holdout,KEEP_ONLY_ENSEMBLE,B1_OTHER_RUN_HARD_MAJORITY,0,0,8,0.8406250000000001,0.840625,0.8379930153417781,False,-0.0031249999999999334,-0.014999999999999902,-0.0031250000000000444,-0.015000000000000013,-0.004237130291367741,-0.015459843661073447,SEPARATE_POOL_AUDIT
holdout,KEEP_ONLY_ENSEMBLE,B1_OTHER_RUN_HARD_MAJORITY,0,1,8,0.854375,0.854375,0.8526946593775767,False,0.018750000000000044,-0.0012499999999999734,0.018750000000000044,-0.0012499999999999734,0.021804179648771127,-0.0007581996252747913,SEPARATE_POOL_AUDIT
holdout,KEEP_ONLY_ENSEMBLE,B1_OTHER_RUN_HARD_MAJORITY,1,0,8,0.8375,0.8375,0.8350557638551269,False,-0.007499999999999951,-0.010624999999999996,-0.007499999999999951,-0.010624999999999996,-0.008938866155303482,-0.010937203103539073,SEPARATE_POOL_AUDIT
holdout,KEEP_ONLY_ENSEMBLE,B1_OTHER_RUN_HARD_MAJORITY,1,1,8,0.840625,0.840625,0.8373173347543134,False,0.015625,-0.007500000000000062,0.015625,-0.007500000000000062,0.01456591272385277,-0.008675632204352635,SEPARATE_POOL_AUDIT
holdout,KEEP_ONLY_ENSEMBLE,B1_OTHER_RUN_HARD_MAJORITY,2,0,7,0.8792857142857143,0.8792857142857143,0.877369855632691,False,0.03928571428571437,0.0028571428571428914,0.03928571428571437,0.0028571428571428914,0.04441493173008959,0.0038384526047237078,SEPARATE_POOL_AUDIT
holdout,KEEP_ONLY_ENSEMBLE,B1_OTHER_RUN_HARD_MAJORITY,2,1,7,0.8707142857142857,0.8707142857142857,0.8680872530823759,False,0.0071428571428571175,-0.005714285714285783,0.0071428571428571175,-0.005714285714285783,0.0070844882490957994,-0.005444149945591392,SEPARATE_POOL_AUDIT
holdout,KEEP_ONLY_ENSEMBLE,B2_ALL_RUN_HARD_MAJORITY,0,0,8,0.8475,0.8475,0.8440442381344795,False,0.003750000000000031,-0.008124999999999938,0.003750000000000031,-0.008124999999999938,0.0018140925013336862,-0.00940862086837202,SEPARATE_POOL_AUDIT
holdout,KEEP_ONLY_ENSEMBLE,B2_ALL_RUN_HARD_MAJORITY,0,1,8,0.8475,0.8475,0.8440442381344795,False,0.01187500000000008,-0.008124999999999938,0.01187500000000008,-0.008124999999999938,0.013153758405673899,-0.00940862086837202,SEPARATE_POOL_AUDIT
holdout,KEEP_ONLY_ENSEMBLE,B2_ALL_RUN_HARD_MAJORITY,1,0,8,0.8418749999999999,0.841875,0.8381384479216276,False,-0.0031250000000000444,-0.006250000000000089,-0.0031249999999999334,-0.006249999999999978,-0.005856182088802786,-0.007854519037038377,SEPARATE_POOL_AUDIT
holdout,KEEP_ONLY_ENSEMBLE,B2_ALL_RUN_HARD_MAJORITY,1,1,8,0.8418749999999999,0.841875,0.8381384479216276,False,0.016874999999999973,-0.006250000000000089,0.016875000000000084,-0.006249999999999978,0.015387025891167028,-0.007854519037038377,SEPARATE_POOL_AUDIT
holdout,KEEP_ONLY_ENSEMBLE,B2_ALL_RUN_HARD_MAJORITY,2,0,7,0.8671428571428571,0.8671428571428572,0.8620809301438168,False,0.027142857142857135,-0.009285714285714342,0.027142857142857246,-0.00928571428571423,0.02912600624121542,-0.011450472884150464,SEPARATE_POOL_AUDIT
holdout,KEEP_ONLY_ENSEMBLE,B2_ALL_RUN_HARD_MAJORITY,2,1,7,0.8671428571428571,0.8671428571428572,0.8620809301438168,False,0.0035714285714285587,-0.009285714285714342,0.0035714285714286698,-0.00928571428571423,0.0010781653105367273,-0.011450472884150464,SEPARATE_POOL_AUDIT
holdout,KEEP_ONLY_ENSEMBLE,B3_OTHER_RUN_PROBABILITY_MEAN,0,0,8,0.8425,0.8425,0.8399985972196192,False,-0.0012499999999999734,-0.013124999999999942,-0.0012499999999999734,-0.013124999999999942,-0.002231548413526574,-0.01345426178323228,SEPARATE_POOL_AUDIT
holdout,KEEP_ONLY_ENSEMBLE,B3_OTHER_RUN_PROBABILITY_MEAN,0,1,8,0.848125,0.848125,0.8463785125015232,False,0.012500000000000067,-0.007499999999999951,0.012500000000000067,-0.007499999999999951,0.015488032772717597,-0.007074346501328321,SEPARATE_POOL_AUDIT
holdout,KEEP_ONLY_ENSEMBLE,B3_OTHER_RUN_PROBABILITY_MEAN,1,0,8,0.836875,0.836875,0.8346155555354939,False,-0.008124999999999938,-0.011249999999999982,-0.008124999999999938,-0.011249999999999982,-0.009379074474936466,-0.011377411423172057,SEPARATE_POOL_AUDIT
holdout,KEEP_ONLY_ENSEMBLE,B3_OTHER_RUN_PROBABILITY_MEAN,1,1,8,0.8475,0.8475,0.8448056670402087,False,0.022500000000000075,-0.0006249999999999867,0.022500000000000075,-0.0006249999999999867,0.022054245009748064,-0.0011872999184573407,SEPARATE_POOL_AUDIT
holdout,KEEP_ONLY_ENSEMBLE,B3_OTHER_RUN_PROBABILITY_MEAN,2,0,7,0.8778571428571429,0.8778571428571428,0.8757800561016077,False,0.03785714285714292,0.0014285714285714457,0.03785714285714281,0.0014285714285713347,0.0428251321990063,0.0022486530736404164,SEPARATE_POOL_AUDIT
holdout,KEEP_ONLY_ENSEMBLE,B3_OTHER_RUN_PROBABILITY_MEAN,2,1,7,0.8721428571428571,0.8721428571428572,0.8698137803700648,False,0.008571428571428563,-0.004285714285714337,0.008571428571428674,-0.004285714285714226,0.008811015536784761,-0.0037176226579024307,SEPARATE_POOL_AUDIT
holdout,KEEP_ONLY_ENSEMBLE,B4_ALL_RUN_PROBABILITY_MEAN,0,0,8,0.855625,0.855625,0.8534528590028515,False,0.011874999999999969,0.0,0.011874999999999969,0.0,0.011222713369705706,0.0,SEPARATE_POOL_AUDIT
holdout,KEEP_ONLY_ENSEMBLE,B4_ALL_RUN_PROBABILITY_MEAN,0,1,8,0.855625,0.855625,0.8534528590028515,False,0.020000000000000018,0.0,0.020000000000000018,0.0,0.02256237927404592,0.0,SEPARATE_POOL_AUDIT
holdout,KEEP_ONLY_ENSEMBLE,B4_ALL_RUN_PROBABILITY_MEAN,1,0,8,0.8475,0.8475,0.84536732631765,False,0.0025000000000000577,-0.0006249999999999867,0.0025000000000000577,-0.0006249999999999867,0.0013726963072195897,-0.0006256406410160009,SEPARATE_POOL_AUDIT
holdout,KEEP_ONLY_ENSEMBLE,B4_ALL_RUN_PROBABILITY_MEAN,1,1,8,0.8475,0.8475,0.84536732631765,False,0.022500000000000075,-0.0006249999999999867,0.022500000000000075,-0.0006249999999999867,0.022615904287189403,-0.0006256406410160009,SEPARATE_POOL_AUDIT
holdout,KEEP_ONLY_ENSEMBLE,B4_ALL_RUN_PROBABILITY_MEAN,2,0,7,0.8757142857142857,0.8757142857142857,0.8728163851525205,False,0.0357142857142857,-0.0007142857142857784,0.0357142857142857,-0.0007142857142857784,0.03986146124991907,-0.0007150178754468106,SEPARATE_POOL_AUDIT
holdout,KEEP_ONLY_ENSEMBLE,B4_ALL_RUN_PROBABILITY_MEAN,2,1,7,0.8757142857142857,0.8757142857142857,0.8728163851525205,False,0.012142857142857122,-0.0007142857142857784,0.012142857142857122,-0.0007142857142857784,0.011813620319240381,-0.0007150178754468106,SEPARATE_POOL_AUDIT
holdout,KEEP_ONLY_ENSEMBLE,B5_OTHER_RUN_LOGIT_MEAN,0,0,8,0.8406250000000001,0.840625,0.8381173059913962,False,-0.0031249999999999334,-0.014999999999999902,-0.0031250000000000444,-0.015000000000000013,-0.004112839641749577,-0.015335553011455283,SEPARATE_POOL_AUDIT
holdout,KEEP_ONLY_ENSEMBLE,B5_OTHER_RUN_LOGIT_MEAN,0,1,8,0.848125,0.848125,0.8462833486911991,False,0.012500000000000067,-0.007499999999999951,0.012500000000000067,-0.007499999999999951,0.015392868962393558,-0.007169510311652361,SEPARATE_POOL_AUDIT
holdout,KEEP_ONLY_ENSEMBLE,B5_OTHER_RUN_LOGIT_MEAN,1,0,8,0.8362499999999999,0.8362499999999999,0.8339800559305137,False,-0.008750000000000036,-0.01187500000000008,-0.008750000000000036,-0.01187500000000008,-0.010014574079916683,-0.012012911028152273,SEPARATE_POOL_AUDIT
holdout,KEEP_ONLY_ENSEMBLE,B5_OTHER_RUN_LOGIT_MEAN,1,1,8,0.8475,0.8475,0.8449500252055617,False,0.022500000000000075,-0.0006249999999999867,0.022500000000000075,-0.0006249999999999867,0.02219860317510114,-0.001042941753104265,SEPARATE_POOL_AUDIT
holdout,KEEP_ONLY_ENSEMBLE,B5_OTHER_RUN_LOGIT_MEAN,2,0,7,0.8778571428571429,0.8778571428571428,0.8756716005804467,False,0.03785714285714292,0.0014285714285714457,0.03785714285714281,0.0014285714285713347,0.04271667667784529,0.002140197552479406,SEPARATE_POOL_AUDIT
holdout,KEEP_ONLY_ENSEMBLE,B5_OTHER_RUN_LOGIT_MEAN,2,1,7,0.8714285714285713,0.8714285714285713,0.8689719744676979,False,0.007857142857142785,-0.0050000000000001155,0.007857142857142785,-0.0050000000000001155,0.007969209634417829,-0.004559428560269363,SEPARATE_POOL_AUDIT
holdout,KEEP_ONLY_ENSEMBLE,B6_ALL_RUN_LOGIT_MEAN,0,0,8,0.855625,0.855625,0.8534528590028515,False,0.011874999999999969,0.0,0.011874999999999969,0.0,0.011222713369705706,0.0,SEPARATE_POOL_AUDIT
holdout,KEEP_ONLY_ENSEMBLE,B6_ALL_RUN_LOGIT_MEAN,0,1,8,0.855625,0.855625,0.8534528590028515,False,0.020000000000000018,0.0,0.020000000000000018,0.0,0.02256237927404592,0.0,SEPARATE_POOL_AUDIT
holdout,KEEP_ONLY_ENSEMBLE,B6_ALL_RUN_LOGIT_MEAN,1,0,8,0.848125,0.848125,0.845992966958666,False,0.0031250000000000444,0.0,0.0031250000000000444,0.0,0.0019983369482355906,0.0,SEPARATE_POOL_AUDIT
holdout,KEEP_ONLY_ENSEMBLE,B6_ALL_RUN_LOGIT_MEAN,1,1,8,0.848125,0.848125,0.845992966958666,False,0.023125000000000062,0.0,0.023125000000000062,0.0,0.023241544928205404,0.0,SEPARATE_POOL_AUDIT
holdout,KEEP_ONLY_ENSEMBLE,B6_ALL_RUN_LOGIT_MEAN,2,0,7,0.8764285714285714,0.8764285714285714,0.8735314030279673,False,0.03642857142857148,0.0,0.03642857142857148,0.0,0.04057647912536588,0.0,SEPARATE_POOL_AUDIT
holdout,KEEP_ONLY_ENSEMBLE,B6_ALL_RUN_LOGIT_MEAN,2,1,7,0.8764285714285714,0.8764285714285714,0.8735314030279673,False,0.0128571428571429,0.0,0.0128571428571429,0.0,0.012528638194687192,0.0,SEPARATE_POOL_AUDIT
holdout,KEEP_ONLY_ENSEMBLE,B7_CONFIDENCE_WEIGHTED_KEEP_ENSEMBLE,0,0,8,0.854375,0.854375,0.8521012798951788,False,0.010624999999999996,-0.0012499999999999734,0.010624999999999996,-0.0012499999999999734,0.00987113426203301,-0.0013515791076726957,SEPARATE_POOL_AUDIT
holdout,KEEP_ONLY_ENSEMBLE,B7_CONFIDENCE_WEIGHTED_KEEP_ENSEMBLE,0,1,8,0.854375,0.854375,0.8521012798951788,False,0.018750000000000044,-0.0012499999999999734,0.018750000000000044,-0.0012499999999999734,0.021210800166373223,-0.0013515791076726957,SEPARATE_POOL_AUDIT
holdout,KEEP_ONLY_ENSEMBLE,B7_CONFIDENCE_WEIGHTED_KEEP_ENSEMBLE,1,0,8,0.8456250000000001,0.845625,0.8433887625884671,False,0.0006250000000000977,-0.0024999999999999467,0.0006249999999999867,-0.0025000000000000577,-0.0006058674219633353,-0.002604204370198926,SEPARATE_POOL_AUDIT
holdout,KEEP_ONLY_ENSEMBLE,B7_CONFIDENCE_WEIGHTED_KEEP_ENSEMBLE,1,1,8,0.8456250000000001,0.845625,0.8433887625884671,False,0.020625000000000115,-0.0024999999999999467,0.020625000000000004,-0.0025000000000000577,0.02063734055800648,-0.002604204370198926,SEPARATE_POOL_AUDIT
holdout,KEEP_ONLY_ENSEMBLE,B7_CONFIDENCE_WEIGHTED_KEEP_ENSEMBLE,2,0,7,0.875,0.875,0.8720998312993659,False,0.03500000000000003,-0.0014285714285714457,0.03500000000000003,-0.0014285714285714457,0.03914490739676446,-0.0014315717286014218,SEPARATE_POOL_AUDIT
holdout,KEEP_ONLY_ENSEMBLE,B7_CONFIDENCE_WEIGHTED_KEEP_ENSEMBLE,2,1,7,0.875,0.875,0.8720998312993659,False,0.011428571428571455,-0.0014285714285714457,0.011428571428571455,-0.0014285714285714457,0.01109706646608577,-0.0014315717286014218,SEPARATE_POOL_AUDIT
pooled_descriptive,DIRECT_CONSENSUS_CONTROL,C1_GATED_DIRECT_CONSENSUS,0,0,34,0.8361764705882353,0.8361764705882353,0.8346782670159498,False,0.0011764705882353343,-0.013529411764705901,0.0011764705882353343,-0.013529411764705901,0.0007423281632183976,-0.013886019266716954,DESCRIPTIVE_ONLY
pooled_descriptive,DIRECT_CONSENSUS_CONTROL,C1_GATED_DIRECT_CONSENSUS,0,1,34,0.8408823529411764,0.8408823529411764,0.8397923813837154,False,0.008970588235294064,-0.008823529411764786,0.008970588235294064,-0.008823529411764786,0.010231291847314972,-0.00877190489895141,DESCRIPTIVE_ONLY
pooled_descriptive,DIRECT_CONSENSUS_CONTROL,C1_GATED_DIRECT_CONSENSUS,1,0,34,0.8427941176470588,0.8427941176470588,0.8412642618381762,False,0.005441176470588283,-0.010441176470588287,0.005441176470588283,-0.010441176470588176,0.005162784806678866,-0.010815306582629636,DESCRIPTIVE_ONLY
pooled_descriptive,DIRECT_CONSENSUS_CONTROL,C1_GATED_DIRECT_CONSENSUS,1,1,34,0.8498529411764706,0.8498529411764706,0.8484087541261579,False,0.03147058823529414,-0.003382352941176503,0.03147058823529414,-0.003382352941176392,0.032020501620330766,-0.003670814294647884,DESCRIPTIVE_ONLY
pooled_descriptive,DIRECT_CONSENSUS_CONTROL,C1_GATED_DIRECT_CONSENSUS,2,0,34,0.8491176470588235,0.8491176470588235,0.8472878472576247,False,0.043970588235294095,-0.0020588235294117796,0.043970588235294095,-0.0020588235294117796,0.045465002280376976,-0.0017115970718543094,DESCRIPTIVE_ONLY
pooled_descriptive,DIRECT_CONSENSUS_CONTROL,C1_GATED_DIRECT_CONSENSUS,2,1,34,0.8373529411764705,0.8373529411764705,0.8356768089512374,False,0.004117647058823559,-0.01382352941176479,0.004117647058823559,-0.01382352941176479,0.004516951215635223,-0.013322635378241632,DESCRIPTIVE_ONLY
pooled_descriptive,DIRECT_CONSENSUS_CONTROL,C2_ACTION_MASKED_DIRECT_CONSENSUS_FULL,0,0,34,0.8341176470588235,0.8341176470588235,0.832878201743416,False,-0.0008823529411764452,-0.01558823529411768,-0.0008823529411764452,-0.01558823529411768,-0.0010577371093154486,-0.0156860845392508,DESCRIPTIVE_ONLY
pooled_descriptive,DIRECT_CONSENSUS_CONTROL,C2_ACTION_MASKED_DIRECT_CONSENSUS_FULL,0,1,34,0.8414705882352941,0.8414705882352941,0.8399703844754294,False,0.00955882352941173,-0.008235294117647118,0.00955882352941173,-0.008235294117647118,0.010409294939028979,-0.008593901807237403,DESCRIPTIVE_ONLY
pooled_descriptive,DIRECT_CONSENSUS_CONTROL,C2_ACTION_MASKED_DIRECT_CONSENSUS_FULL,1,0,34,0.8454411764705883,0.8454411764705883,0.844146439232937,False,0.00808823529411773,-0.00779411764705884,0.00808823529411773,-0.007794117647058729,0.008044962201439687,-0.007933129187868815,DESCRIPTIVE_ONLY
pooled_descriptive,DIRECT_CONSENSUS_CONTROL,C2_ACTION_MASKED_DIRECT_CONSENSUS_FULL,1,1,34,0.8461764705882353,0.8461764705882353,0.8448264629384603,False,0.027794117647058858,-0.007058823529411784,0.027794117647058858,-0.007058823529411673,0.02843821043263317,-0.007253105482345479,DESCRIPTIVE_ONLY
pooled_descriptive,DIRECT_CONSENSUS_CONTROL,C2_ACTION_MASKED_DIRECT_CONSENSUS_FULL,2,0,34,0.8395588235294118,0.8395588235294118,0.8371123970604951,False,0.034411764705882364,-0.01161764705882351,0.034411764705882364,-0.01161764705882351,0.035289552083247355,-0.01188704726898393,DESCRIPTIVE_ONLY
pooled_descriptive,DIRECT_CONSENSUS_CONTROL,C2_ACTION_MASKED_DIRECT_CONSENSUS_FULL,2,1,34,0.8425,0.8425,0.840818727959574,False,0.009264705882353064,-0.008676470588235285,0.009264705882353064,-0.008676470588235285,0.009658870223971827,-0.008180716369905028,DESCRIPTIVE_ONLY
pooled_descriptive,DIRECT_CONSENSUS_CONTROL,C3_ACTION_MASKED_DIRECT_CONSENSUS_PROTECTED_SAFE,0,0,34,0.8405882352941176,0.8405882352941177,0.8396593570118276,False,0.005588235294117672,-0.009117647058823564,0.005588235294117783,-0.009117647058823453,0.005723418159096161,-0.00890492927083919,DESCRIPTIVE_ONLY
pooled_descriptive,DIRECT_CONSENSUS_CONTROL,C3_ACTION_MASKED_DIRECT_CONSENSUS_PROTECTED_SAFE,0,1,34,0.8397058823529412,0.8397058823529412,0.8379080956185495,False,0.00779411764705884,-0.010000000000000009,0.00779411764705884,-0.010000000000000009,0.008347006082149111,-0.010656190664117271,DESCRIPTIVE_ONLY
pooled_descriptive,DIRECT_CONSENSUS_CONTROL,C3_ACTION_MASKED_DIRECT_CONSENSUS_PROTECTED_SAFE,1,0,34,0.8402941176470589,0.8402941176470589,0.8388495374035824,False,0.002941176470588336,-0.012941176470588234,0.002941176470588336,-0.012941176470588123,0.0027480603720850816,-0.01323003101722342,DESCRIPTIVE_ONLY
pooled_descriptive,DIRECT_CONSENSUS_CONTROL,C3_ACTION_MASKED_DIRECT_CONSENSUS_PROTECTED_SAFE,1,1,34,0.8308823529411765,0.8308823529411765,0.8293165611602132,False,0.012500000000000067,-0.022352941176470575,0.012500000000000067,-0.022352941176470464,0.0129283086543861,-0.02276300726059255,DESCRIPTIVE_ONLY
pooled_descriptive,DIRECT_CONSENSUS_CONTROL,C3_ACTION_MASKED_DIRECT_CONSENSUS_PROTECTED_SAFE,2,0,34,0.8188235294117647,0.8188235294117647,0.8157403893088288,False,0.01367647058823529,-0.032352941176470584,0.01367647058823529,-0.032352941176470584,0.013917544331580989,-0.0332590550206503,DESCRIPTIVE_ONLY
pooled_descriptive,DIRECT_CONSENSUS_CONTROL,C3_ACTION_MASKED_DIRECT_CONSENSUS_PROTECTED_SAFE,2,1,34,0.838529411764706,0.838529411764706,0.8362234473611568,False,0.0052941176470590046,-0.012647058823529345,0.0052941176470590046,-0.012647058823529345,0.005063589625554643,-0.012775996968322212,DESCRIPTIVE_ONLY
pooled_descriptive,FROZEN_V2_INTERVENTION,I003_CROSS_RUN_FULL,0,0,34,0.8341176470588235,0.8341176470588235,0.832878201743416,False,-0.0008823529411764452,-0.01558823529411768,-0.0008823529411764452,-0.01558823529411768,-0.0010577371093154486,-0.0156860845392508,DESCRIPTIVE_ONLY
pooled_descriptive,FROZEN_V2_INTERVENTION,I003_CROSS_RUN_FULL,0,1,34,0.8414705882352941,0.8414705882352941,0.8399703844754294,False,0.00955882352941173,-0.008235294117647118,0.00955882352941173,-0.008235294117647118,0.010409294939028979,-0.008593901807237403,DESCRIPTIVE_ONLY
pooled_descriptive,FROZEN_V2_INTERVENTION,I003_CROSS_RUN_FULL,1,0,34,0.8454411764705883,0.8454411764705883,0.844146439232937,False,0.00808823529411773,-0.00779411764705884,0.00808823529411773,-0.007794117647058729,0.008044962201439687,-0.007933129187868815,DESCRIPTIVE_ONLY
pooled_descriptive,FROZEN_V2_INTERVENTION,I003_CROSS_RUN_FULL,1,1,34,0.8461764705882353,0.8461764705882353,0.8448264629384603,False,0.027794117647058858,-0.007058823529411784,0.027794117647058858,-0.007058823529411673,0.02843821043263317,-0.007253105482345479,DESCRIPTIVE_ONLY
pooled_descriptive,FROZEN_V2_INTERVENTION,I003_CROSS_RUN_FULL,2,0,34,0.8395588235294118,0.8395588235294118,0.8371123970604951,False,0.034411764705882364,-0.01161764705882351,0.034411764705882364,-0.01161764705882351,0.035289552083247355,-0.01188704726898393,DESCRIPTIVE_ONLY
pooled_descriptive,FROZEN_V2_INTERVENTION,I003_CROSS_RUN_FULL,2,1,34,0.8425,0.8425,0.840818727959574,False,0.009264705882353064,-0.008676470588235285,0.009264705882353064,-0.008676470588235285,0.009658870223971827,-0.008180716369905028,DESCRIPTIVE_ONLY
pooled_descriptive,FROZEN_V2_INTERVENTION,I003_CROSS_RUN_PROTECTED_SAFE,0,0,34,0.8405882352941176,0.8405882352941177,0.8396593570118276,False,0.005588235294117672,-0.009117647058823564,0.005588235294117783,-0.009117647058823453,0.005723418159096161,-0.00890492927083919,DESCRIPTIVE_ONLY
pooled_descriptive,FROZEN_V2_INTERVENTION,I003_CROSS_RUN_PROTECTED_SAFE,0,1,34,0.8397058823529412,0.8397058823529412,0.8379080956185495,False,0.00779411764705884,-0.010000000000000009,0.00779411764705884,-0.010000000000000009,0.008347006082149111,-0.010656190664117271,DESCRIPTIVE_ONLY
pooled_descriptive,FROZEN_V2_INTERVENTION,I003_CROSS_RUN_PROTECTED_SAFE,1,0,34,0.8402941176470589,0.8402941176470589,0.8388495374035824,False,0.002941176470588336,-0.012941176470588234,0.002941176470588336,-0.012941176470588123,0.0027480603720850816,-0.01323003101722342,DESCRIPTIVE_ONLY
pooled_descriptive,FROZEN_V2_INTERVENTION,I003_CROSS_RUN_PROTECTED_SAFE,1,1,34,0.8308823529411765,0.8308823529411765,0.8293165611602132,False,0.012500000000000067,-0.022352941176470575,0.012500000000000067,-0.022352941176470464,0.0129283086543861,-0.02276300726059255,DESCRIPTIVE_ONLY
pooled_descriptive,FROZEN_V2_INTERVENTION,I003_CROSS_RUN_PROTECTED_SAFE,2,0,34,0.8188235294117647,0.8188235294117647,0.8157403893088288,False,0.01367647058823529,-0.032352941176470584,0.01367647058823529,-0.032352941176470584,0.013917544331580989,-0.0332590550206503,DESCRIPTIVE_ONLY
pooled_descriptive,FROZEN_V2_INTERVENTION,I003_CROSS_RUN_PROTECTED_SAFE,2,1,34,0.838529411764706,0.838529411764706,0.8362234473611568,False,0.0052941176470590046,-0.012647058823529345,0.0052941176470590046,-0.012647058823529345,0.005063589625554643,-0.012775996968322212,DESCRIPTIVE_ONLY
pooled_descriptive,KEEP_ONLY_ENSEMBLE,B0_TARGET_KEEP,0,0,34,0.835,0.835,0.8339359388527314,False,0.0,-0.014705882352941235,0.0,-0.014705882352941235,0.0,-0.014628347429935351,DESCRIPTIVE_ONLY
pooled_descriptive,KEEP_ONLY_ENSEMBLE,B0_TARGET_KEEP,0,1,34,0.8319117647058824,0.8319117647058824,0.8295610895364004,False,0.0,-0.01779411764705885,0.0,-0.01779411764705885,0.0,-0.019003196746266382,DESCRIPTIVE_ONLY
pooled_descriptive,KEEP_ONLY_ENSEMBLE,B0_TARGET_KEEP,1,0,34,0.8373529411764705,0.8373529411764705,0.8361014770314973,False,0.0,-0.01588235294117657,0.0,-0.01588235294117646,0.0,-0.015978091389308502,DESCRIPTIVE_ONLY
pooled_descriptive,KEEP_ONLY_ENSEMBLE,B0_TARGET_KEEP,1,1,34,0.8183823529411764,0.8183823529411764,0.8163882525058271,False,0.0,-0.03485294117647064,0.0,-0.03485294117647053,0.0,-0.03569131591497865,DESCRIPTIVE_ONLY
pooled_descriptive,KEEP_ONLY_ENSEMBLE,B0_TARGET_KEEP,2,0,34,0.8051470588235294,0.8051470588235294,0.8018228449772478,False,0.0,-0.046029411764705874,0.0,-0.046029411764705874,0.0,-0.047176599352231285,DESCRIPTIVE_ONLY
pooled_descriptive,KEEP_ONLY_ENSEMBLE,B0_TARGET_KEEP,2,1,34,0.833235294117647,0.833235294117647,0.8311598577356022,False,0.0,-0.01794117647058835,0.0,-0.01794117647058835,0.0,-0.017839586593876855,DESCRIPTIVE_ONLY
pooled_descriptive,KEEP_ONLY_ENSEMBLE,B1_OTHER_RUN_HARD_MAJORITY,0,0,34,0.8361764705882353,0.8361764705882353,0.8346782670159498,False,0.0011764705882353343,-0.013529411764705901,0.0011764705882353343,-0.013529411764705901,0.0007423281632183976,-0.013886019266716954,DESCRIPTIVE_ONLY
pooled_descriptive,KEEP_ONLY_ENSEMBLE,B1_OTHER_RUN_HARD_MAJORITY,0,1,34,0.8408823529411764,0.8408823529411764,0.8397923813837154,False,0.008970588235294064,-0.008823529411764786,0.008970588235294064,-0.008823529411764786,0.010231291847314972,-0.00877190489895141,DESCRIPTIVE_ONLY
pooled_descriptive,KEEP_ONLY_ENSEMBLE,B1_OTHER_RUN_HARD_MAJORITY,1,0,34,0.8427941176470588,0.8427941176470588,0.8412642618381762,False,0.005441176470588283,-0.010441176470588287,0.005441176470588283,-0.010441176470588176,0.005162784806678866,-0.010815306582629636,DESCRIPTIVE_ONLY
pooled_descriptive,KEEP_ONLY_ENSEMBLE,B1_OTHER_RUN_HARD_MAJORITY,1,1,34,0.8498529411764706,0.8498529411764706,0.8484087541261579,False,0.03147058823529414,-0.003382352941176503,0.03147058823529414,-0.003382352941176392,0.032020501620330766,-0.003670814294647884,DESCRIPTIVE_ONLY
pooled_descriptive,KEEP_ONLY_ENSEMBLE,B1_OTHER_RUN_HARD_MAJORITY,2,0,34,0.8491176470588235,0.8491176470588235,0.8472878472576247,False,0.043970588235294095,-0.0020588235294117796,0.043970588235294095,-0.0020588235294117796,0.045465002280376976,-0.0017115970718543094,DESCRIPTIVE_ONLY
pooled_descriptive,KEEP_ONLY_ENSEMBLE,B1_OTHER_RUN_HARD_MAJORITY,2,1,34,0.8373529411764705,0.8373529411764705,0.8356768089512374,False,0.004117647058823559,-0.01382352941176479,0.004117647058823559,-0.01382352941176479,0.004516951215635223,-0.013322635378241632,DESCRIPTIVE_ONLY
pooled_descriptive,KEEP_ONLY_ENSEMBLE,B2_ALL_RUN_HARD_MAJORITY,0,0,34,0.8433823529411765,0.8433823529411765,0.8417511230163968,False,0.008382352941176507,-0.006323529411764728,0.008382352941176507,-0.006323529411764728,0.007815184163665334,-0.006813163266270017,DESCRIPTIVE_ONLY
pooled_descriptive,KEEP_ONLY_ENSEMBLE,B2_ALL_RUN_HARD_MAJORITY,0,1,34,0.8433823529411765,0.8433823529411765,0.8417511230163968,False,0.011470588235294121,-0.006323529411764728,0.011470588235294121,-0.006323529411764728,0.012190033479996365,-0.006813163266270017,DESCRIPTIVE_ONLY
pooled_descriptive,KEEP_ONLY_ENSEMBLE,B2_ALL_RUN_HARD_MAJORITY,1,0,34,0.8482352941176471,0.8482352941176471,0.8467230196787279,False,0.010882352941176565,-0.0050000000000000044,0.010882352941176565,-0.004999999999999893,0.010621542647230586,-0.005356548742077916,DESCRIPTIVE_ONLY
pooled_descriptive,KEEP_ONLY_ENSEMBLE,B2_ALL_RUN_HARD_MAJORITY,1,1,34,0.8482352941176471,0.8482352941176471,0.8467230196787279,False,0.029852941176470638,-0.0050000000000000044,0.029852941176470638,-0.004999999999999893,0.030334767172900734,-0.005356548742077916,DESCRIPTIVE_ONLY
pooled_descriptive,KEEP_ONLY_ENSEMBLE,B2_ALL_RUN_HARD_MAJORITY,2,0,34,0.8420588235294117,0.8420588235294117,0.8399658593031784,False,0.03691176470588231,-0.009117647058823564,0.03691176470588231,-0.009117647058823564,0.03814301432593059,-0.009033585026300694,DESCRIPTIVE_ONLY
pooled_descriptive,KEEP_ONLY_ENSEMBLE,B2_ALL_RUN_HARD_MAJORITY,2,1,34,0.8420588235294117,0.8420588235294117,0.8399658593031784,False,0.008823529411764786,-0.009117647058823564,0.008823529411764786,-0.009117647058823564,0.00880600156757616,-0.009033585026300694,DESCRIPTIVE_ONLY
pooled_descriptive,KEEP_ONLY_ENSEMBLE,B3_OTHER_RUN_PROBABILITY_MEAN,0,0,34,0.8401470588235295,0.8401470588235295,0.8386911615933973,False,0.0051470588235295045,-0.00955882352941173,0.0051470588235295045,-0.00955882352941173,0.004755222740665865,-0.009873124689269486,DESCRIPTIVE_ONLY
pooled_descriptive,KEEP_ONLY_ENSEMBLE,B3_OTHER_RUN_PROBABILITY_MEAN,0,1,34,0.8413235294117647,0.8413235294117647,0.8402639119377014,False,0.009411764705882342,-0.008382352941176507,0.009411764705882342,-0.008382352941176507,0.010702822401301049,-0.008300374344965333,DESCRIPTIVE_ONLY
pooled_descriptive,KEEP_ONLY_ENSEMBLE,B3_OTHER_RUN_PROBABILITY_MEAN,1,0,34,0.8451470588235294,0.8451470588235294,0.8437522459431774,False,0.00779411764705884,-0.00808823529411773,0.00779411764705884,-0.008088235294117618,0.00765076891168015,-0.008327322477628352,DESCRIPTIVE_ONLY
pooled_descriptive,KEEP_ONLY_ENSEMBLE,B3_OTHER_RUN_PROBABILITY_MEAN,1,1,34,0.8547058823529411,0.8547058823529411,0.8534876310193152,False,0.03632352941176464,0.0014705882352940014,0.03632352941176464,0.0014705882352941124,0.0370993785134881,0.001408062598509452,DESCRIPTIVE_ONLY
pooled_descriptive,KEEP_ONLY_ENSEMBLE,B3_OTHER_RUN_PROBABILITY_MEAN,2,0,34,0.854264705882353,0.854264705882353,0.8524734973858646,False,0.0491176470588236,0.003088235294117725,0.0491176470588236,0.003088235294117725,0.05065065240861688,0.0034740530563855954,DESCRIPTIVE_ONLY
pooled_descriptive,KEEP_ONLY_ENSEMBLE,B3_OTHER_RUN_PROBABILITY_MEAN,2,1,34,0.8425,0.8425,0.8409700555565648,False,0.009264705882353064,-0.008676470588235285,0.009264705882353064,-0.008676470588235285,0.009810197820962596,-0.008029388772914259,DESCRIPTIVE_ONLY
pooled_descriptive,KEEP_ONLY_ENSEMBLE,B4_ALL_RUN_PROBABILITY_MEAN,0,0,34,0.8497058823529412,0.8497058823529412,0.8485562817218247,False,0.014705882352941235,0.0,0.014705882352941235,0.0,0.014620342869093306,-8.004560842045372e-06,DESCRIPTIVE_ONLY
pooled_descriptive,KEEP_ONLY_ENSEMBLE,B4_ALL_RUN_PROBABILITY_MEAN,0,1,34,0.8497058823529412,0.8497058823529412,0.8485562817218247,False,0.01779411764705885,0.0,0.01779411764705885,0.0,0.018995192185424337,-8.004560842045372e-06,DESCRIPTIVE_ONLY
pooled_descriptive,KEEP_ONLY_ENSEMBLE,B4_ALL_RUN_PROBABILITY_MEAN,1,0,34,0.8529411764705882,0.8529411764705882,0.8517692513345329,False,0.01558823529411768,-0.0002941176470588891,0.01558823529411768,-0.0002941176470587781,0.015667774303035564,-0.00031031708627293764,DESCRIPTIVE_ONLY
pooled_descriptive,KEEP_ONLY_ENSEMBLE,B4_ALL_RUN_PROBABILITY_MEAN,1,1,34,0.8529411764705882,0.8529411764705882,0.8517692513345329,False,0.03455882352941175,-0.0002941176470588891,0.03455882352941175,-0.0002941176470587781,0.03538099882870571,-0.00031031708627293764,DESCRIPTIVE_ONLY
pooled_descriptive,KEEP_ONLY_ENSEMBLE,B4_ALL_RUN_PROBABILITY_MEAN,2,0,34,0.8508823529411764,0.8508823529411764,0.8487090755466952,False,0.045735294117646985,-0.0002941176470588891,0.045735294117646985,-0.0002941176470588891,0.04688623056944741,-0.00029036878278387857,DESCRIPTIVE_ONLY
pooled_descriptive,KEEP_ONLY_ENSEMBLE,B4_ALL_RUN_PROBABILITY_MEAN,2,1,34,0.8508823529411764,0.8508823529411764,0.8487090755466952,False,0.01764705882352946,-0.0002941176470588891,0.01764705882352946,-0.0002941176470588891,0.017549217811092976,-0.00029036878278387857,DESCRIPTIVE_ONLY
pooled_descriptive,KEEP_ONLY_ENSEMBLE,B5_OTHER_RUN_LOGIT_MEAN,0,0,34,0.8394117647058823,0.8394117647058823,0.8379507654297925,False,0.004411764705882337,-0.010294117647058898,0.004411764705882337,-0.010294117647058898,0.0040148265770610925,-0.010613520852874259,DESCRIPTIVE_ONLY
pooled_descriptive,KEEP_ONLY_ENSEMBLE,B5_OTHER_RUN_LOGIT_MEAN,0,1,34,0.8410294117647058,0.8410294117647058,0.8399098388194098,False,0.009117647058823453,-0.008676470588235397,0.009117647058823453,-0.008676470588235397,0.01034874928300944,-0.008654447463256942,DESCRIPTIVE_ONLY
pooled_descriptive,KEEP_ONLY_ENSEMBLE,B5_OTHER_RUN_LOGIT_MEAN,1,0,34,0.8452941176470588,0.8452941176470588,0.8439035564165983,False,0.00794117647058823,-0.00794117647058834,0.00794117647058823,-0.00794117647058823,0.007802079385101024,-0.008176012004207478,DESCRIPTIVE_ONLY
pooled_descriptive,KEEP_ONLY_ENSEMBLE,B5_OTHER_RUN_LOGIT_MEAN,1,1,34,0.8544117647058824,0.8544117647058824,0.8532304968843323,False,0.036029411764705976,0.0011764705882353343,0.036029411764705976,0.0011764705882354454,0.03684224437850514,0.0011509284635264905,DESCRIPTIVE_ONLY
pooled_descriptive,KEEP_ONLY_ENSEMBLE,B5_OTHER_RUN_LOGIT_MEAN,2,0,34,0.8545588235294117,0.8545588235294117,0.8527343699531763,False,0.049411764705882266,0.003382352941176392,0.049411764705882266,0.003382352941176392,0.050911524975928546,0.0037349256236972606,DESCRIPTIVE_ONLY
pooled_descriptive,KEEP_ONLY_ENSEMBLE,B5_OTHER_RUN_LOGIT_MEAN,2,1,34,0.8427941176470588,0.8427941176470588,0.8412449921295954,False,0.009558823529411842,-0.008382352941176507,0.009558823529411842,-0.008382352941176507,0.010085134393993167,-0.007754452199883688,DESCRIPTIVE_ONLY
pooled_descriptive,KEEP_ONLY_ENSEMBLE,B6_ALL_RUN_LOGIT_MEAN,0,0,34,0.8497058823529412,0.8497058823529412,0.8485642862826668,False,0.014705882352941235,0.0,0.014705882352941235,0.0,0.014628347429935351,0.0,DESCRIPTIVE_ONLY
pooled_descriptive,KEEP_ONLY_ENSEMBLE,B6_ALL_RUN_LOGIT_MEAN,0,1,34,0.8497058823529412,0.8497058823529412,0.8485642862826668,False,0.01779411764705885,0.0,0.01779411764705885,0.0,0.019003196746266382,0.0,DESCRIPTIVE_ONLY
pooled_descriptive,KEEP_ONLY_ENSEMBLE,B6_ALL_RUN_LOGIT_MEAN,1,0,34,0.8532352941176471,0.853235294117647,0.8520795684208058,False,0.01588235294117657,0.0,0.01588235294117646,0.0,0.015978091389308502,0.0,DESCRIPTIVE_ONLY
pooled_descriptive,KEEP_ONLY_ENSEMBLE,B6_ALL_RUN_LOGIT_MEAN,1,1,34,0.8532352941176471,0.853235294117647,0.8520795684208058,False,0.03485294117647064,0.0,0.03485294117647053,0.0,0.03569131591497865,0.0,DESCRIPTIVE_ONLY
pooled_descriptive,KEEP_ONLY_ENSEMBLE,B6_ALL_RUN_LOGIT_MEAN,2,0,34,0.8511764705882353,0.8511764705882353,0.848999444329479,False,0.046029411764705874,0.0,0.046029411764705874,0.0,0.047176599352231285,0.0,DESCRIPTIVE_ONLY
pooled_descriptive,KEEP_ONLY_ENSEMBLE,B6_ALL_RUN_LOGIT_MEAN,2,1,34,0.8511764705882353,0.8511764705882353,0.848999444329479,False,0.01794117647058835,0.0,0.01794117647058835,0.0,0.017839586593876855,0.0,DESCRIPTIVE_ONLY
pooled_descriptive,KEEP_ONLY_ENSEMBLE,B7_CONFIDENCE_WEIGHTED_KEEP_ENSEMBLE,0,0,34,0.8488235294117646,0.8488235294117646,0.8476432656397132,False,0.013823529411764679,-0.0008823529411765563,0.013823529411764679,-0.0008823529411765563,0.013707326786981722,-0.0009210206429536294,DESCRIPTIVE_ONLY
pooled_descriptive,KEEP_ONLY_ENSEMBLE,B7_CONFIDENCE_WEIGHTED_KEEP_ENSEMBLE,0,1,34,0.8488235294117646,0.8488235294117646,0.8476432656397132,False,0.016911764705882293,-0.0008823529411765563,0.016911764705882293,-0.0008823529411765563,0.018082176103312753,-0.0009210206429536294,DESCRIPTIVE_ONLY
pooled_descriptive,KEEP_ONLY_ENSEMBLE,B7_CONFIDENCE_WEIGHTED_KEEP_ENSEMBLE,1,0,34,0.8523529411764706,0.8523529411764706,0.8511263483293557,False,0.015000000000000124,-0.0008823529411764452,0.015000000000000124,-0.0008823529411763342,0.015024871297858455,-0.0009532200914500466,DESCRIPTIVE_ONLY
pooled_descriptive,KEEP_ONLY_ENSEMBLE,B7_CONFIDENCE_WEIGHTED_KEEP_ENSEMBLE,1,1,34,0.8523529411764706,0.8523529411764706,0.8511263483293557,False,0.0339705882352942,-0.0008823529411764452,0.0339705882352942,-0.0008823529411763342,0.0347380958235286,-0.0009532200914500466,DESCRIPTIVE_ONLY
pooled_descriptive,KEEP_ONLY_ENSEMBLE,B7_CONFIDENCE_WEIGHTED_KEEP_ENSEMBLE,2,0,34,0.85,0.85,0.8477944704076663,False,0.04485294117647054,-0.0011764705882353343,0.04485294117647054,-0.0011764705882353343,0.04597162543041855,-0.0012049739218127353,DESCRIPTIVE_ONLY
pooled_descriptive,KEEP_ONLY_ENSEMBLE,B7_CONFIDENCE_WEIGHTED_KEEP_ENSEMBLE,2,1,34,0.85,0.85,0.8477944704076663,False,0.016764705882353015,-0.0011764705882353343,0.016764705882353015,-0.0011764705882353343,0.01663461267206412,-0.0012049739218127353,DESCRIPTIVE_ONLY
