dataset,role,fold,seed,subject,recipe,alpha,mean_CE,SE_CE,mean_BA,selected_one_se,selected_eb,historical_utility,historical_utility_se,positive_held_blocks,future_labels_used_for_selection,population_checkpoint_id,certificate,rank,l2
OpenBMI,outcome,0,0,15,upda_r1_l20.001_one_se,0.5,0.2642361096830352,0.15572398428772297,0.89,0.5,0.5,0.14086915999829358,0.10616489490442514,2,False,6d09c5dc89898730838356a2c9e982f81d99e2a95b71ed72dbc414e123dcbd6e,one-SE U-PDA,1,0.001
OpenBMI,outcome,0,0,19,upda_r1_l20.001_one_se,0.0,0.6276569751858239,0.26808633118984276,0.72,0.0,0.0,0.08559433305546672,0.19977633545918497,2,False,6d09c5dc89898730838356a2c9e982f81d99e2a95b71ed72dbc414e123dcbd6e,one-SE U-PDA,1,0.001
OpenBMI,outcome,0,0,32,upda_r1_l20.001_one_se,0.0,0.29611450772862585,0.1471960818099348,0.86,0.0,0.0,-0.12244966446993923,0.0664005315775702,0,False,6d09c5dc89898730838356a2c9e982f81d99e2a95b71ed72dbc414e123dcbd6e,one-SE U-PDA,1,0.001
OpenBMI,outcome,0,0,33,upda_r1_l20.001_one_se,0.0,0.19093037655791462,0.10033089758439956,0.93,0.0,0.0,0.034328199954197135,0.049595223591906865,2,False,6d09c5dc89898730838356a2c9e982f81d99e2a95b71ed72dbc414e123dcbd6e,one-SE U-PDA,1,0.001
OpenBMI,outcome,0,0,41,upda_r1_l20.001_one_se,0.25,0.6673595284914816,0.025066351860612568,0.7200000000000001,0.25,0.25,0.05279634473358222,0.03143464787197026,3,False,6d09c5dc89898730838356a2c9e982f81d99e2a95b71ed72dbc414e123dcbd6e,one-SE U-PDA,1,0.001
OpenBMI,outcome,0,0,46,upda_r1_l20.001_one_se,0.0,0.6698529810832756,0.11428299673368791,0.68,0.0,0.0,0.05907459840019512,0.05410594367219745,3,False,6d09c5dc89898730838356a2c9e982f81d99e2a95b71ed72dbc414e123dcbd6e,one-SE U-PDA,1,0.001
OpenBMI,outcome,0,0,47,upda_r1_l20.001_one_se,0.0,0.2005957001211739,0.07625729487882496,0.9299999999999999,0.0,0.0,-0.00374236837519837,0.0639342958943141,3,False,6d09c5dc89898730838356a2c9e982f81d99e2a95b71ed72dbc414e123dcbd6e,one-SE U-PDA,1,0.001
OpenBMI,outcome,0,0,49,upda_r1_l20.001_one_se,0.0,0.5390972214093487,0.2414566561288358,0.7699999999999999,0.0,0.0,0.06397930251234837,0.07328992878796461,2,False,6d09c5dc89898730838356a2c9e982f81d99e2a95b71ed72dbc414e123dcbd6e,one-SE U-PDA,1,0.001
OpenBMI,outcome,0,1,15,upda_r1_l20.001_one_se,0.5,0.2642361096830352,0.15572398428772297,0.89,0.5,0.5,0.14086915999829358,0.10616489490442514,2,False,6d09c5dc89898730838356a2c9e982f81d99e2a95b71ed72dbc414e123dcbd6e,one-SE U-PDA,1,0.001
OpenBMI,outcome,0,1,19,upda_r1_l20.001_one_se,0.0,0.6276569751858239,0.26808633118984276,0.72,0.0,0.0,0.08559433305546672,0.19977633545918497,2,False,6d09c5dc89898730838356a2c9e982f81d99e2a95b71ed72dbc414e123dcbd6e,one-SE U-PDA,1,0.001
OpenBMI,outcome,0,1,32,upda_r1_l20.001_one_se,0.0,0.29611450772862585,0.1471960818099348,0.86,0.0,0.0,-0.12244966446993923,0.0664005315775702,0,False,6d09c5dc89898730838356a2c9e982f81d99e2a95b71ed72dbc414e123dcbd6e,one-SE U-PDA,1,0.001
OpenBMI,outcome,0,1,33,upda_r1_l20.001_one_se,0.0,0.19093037655791462,0.10033089758439956,0.93,0.0,0.0,0.034328199954197135,0.049595223591906865,2,False,6d09c5dc89898730838356a2c9e982f81d99e2a95b71ed72dbc414e123dcbd6e,one-SE U-PDA,1,0.001
OpenBMI,outcome,0,1,41,upda_r1_l20.001_one_se,0.25,0.6673595284914816,0.025066351860612568,0.7200000000000001,0.25,0.25,0.05279634473358222,0.03143464787197026,3,False,6d09c5dc89898730838356a2c9e982f81d99e2a95b71ed72dbc414e123dcbd6e,one-SE U-PDA,1,0.001
OpenBMI,outcome,0,1,46,upda_r1_l20.001_one_se,0.0,0.6698529810832756,0.11428299673368791,0.68,0.0,0.0,0.05907459840019512,0.05410594367219745,3,False,6d09c5dc89898730838356a2c9e982f81d99e2a95b71ed72dbc414e123dcbd6e,one-SE U-PDA,1,0.001
OpenBMI,outcome,0,1,47,upda_r1_l20.001_one_se,0.0,0.2005957001211739,0.07625729487882496,0.9299999999999999,0.0,0.0,-0.00374236837519837,0.0639342958943141,3,False,6d09c5dc89898730838356a2c9e982f81d99e2a95b71ed72dbc414e123dcbd6e,one-SE U-PDA,1,0.001
OpenBMI,outcome,0,1,49,upda_r1_l20.001_one_se,0.0,0.5390972214093487,0.2414566561288358,0.7699999999999999,0.0,0.0,0.06397930251234837,0.07328992878796461,2,False,6d09c5dc89898730838356a2c9e982f81d99e2a95b71ed72dbc414e123dcbd6e,one-SE U-PDA,1,0.001
OpenBMI,outcome,0,2,15,upda_r1_l20.001_one_se,0.5,0.2642361096830352,0.15572398428772297,0.89,0.5,0.5,0.14086915999829358,0.10616489490442514,2,False,6d09c5dc89898730838356a2c9e982f81d99e2a95b71ed72dbc414e123dcbd6e,one-SE U-PDA,1,0.001
OpenBMI,outcome,0,2,19,upda_r1_l20.001_one_se,0.0,0.6276569751858239,0.26808633118984276,0.72,0.0,0.0,0.08559433305546672,0.19977633545918497,2,False,6d09c5dc89898730838356a2c9e982f81d99e2a95b71ed72dbc414e123dcbd6e,one-SE U-PDA,1,0.001
OpenBMI,outcome,0,2,32,upda_r1_l20.001_one_se,0.0,0.29611450772862585,0.1471960818099348,0.86,0.0,0.0,-0.12244966446993923,0.0664005315775702,0,False,6d09c5dc89898730838356a2c9e982f81d99e2a95b71ed72dbc414e123dcbd6e,one-SE U-PDA,1,0.001
OpenBMI,outcome,0,2,33,upda_r1_l20.001_one_se,0.0,0.19093037655791462,0.10033089758439956,0.93,0.0,0.0,0.034328199954197135,0.049595223591906865,2,False,6d09c5dc89898730838356a2c9e982f81d99e2a95b71ed72dbc414e123dcbd6e,one-SE U-PDA,1,0.001
OpenBMI,outcome,0,2,41,upda_r1_l20.001_one_se,0.25,0.6673595284914816,0.025066351860612568,0.7200000000000001,0.25,0.25,0.05279634473358222,0.03143464787197026,3,False,6d09c5dc89898730838356a2c9e982f81d99e2a95b71ed72dbc414e123dcbd6e,one-SE U-PDA,1,0.001
OpenBMI,outcome,0,2,46,upda_r1_l20.001_one_se,0.0,0.6698529810832756,0.11428299673368791,0.68,0.0,0.0,0.05907459840019512,0.05410594367219745,3,False,6d09c5dc89898730838356a2c9e982f81d99e2a95b71ed72dbc414e123dcbd6e,one-SE U-PDA,1,0.001
OpenBMI,outcome,0,2,47,upda_r1_l20.001_one_se,0.0,0.2005957001211739,0.07625729487882496,0.9299999999999999,0.0,0.0,-0.00374236837519837,0.0639342958943141,3,False,6d09c5dc89898730838356a2c9e982f81d99e2a95b71ed72dbc414e123dcbd6e,one-SE U-PDA,1,0.001
OpenBMI,outcome,0,2,49,upda_r1_l20.001_one_se,0.0,0.5390972214093487,0.2414566561288358,0.7699999999999999,0.0,0.0,0.06397930251234837,0.07328992878796461,2,False,6d09c5dc89898730838356a2c9e982f81d99e2a95b71ed72dbc414e123dcbd6e,one-SE U-PDA,1,0.001
OpenBMI,outcome,1,0,14,upda_r1_l20.001_one_se,0.25,0.686584923871828,0.17618165441225445,0.64,0.25,0.25,0.06960279774770918,0.1655474528514708,2,False,37ddca2239a3205ecc05778ca46a09c35cf1168c992b4963f38e6f96ce54f2f8,one-SE U-PDA,1,0.001
OpenBMI,outcome,1,0,2,upda_r1_l20.001_one_se,0.0,0.5878041166741168,0.17579337381696575,0.75,0.0,0.0,0.018731916918047466,0.04860556039171875,3,False,37ddca2239a3205ecc05778ca46a09c35cf1168c992b4963f38e6f96ce54f2f8,one-SE U-PDA,1,0.001
OpenBMI,outcome,1,0,34,upda_r1_l20.001_one_se,0.25,0.8605393184038628,0.1168362009522892,0.5700000000000001,0.25,0.25,0.099598770769742,0.06769377163063535,3,False,37ddca2239a3205ecc05778ca46a09c35cf1168c992b4963f38e6f96ce54f2f8,one-SE U-PDA,1,0.001
OpenBMI,outcome,1,0,40,upda_r1_l20.001_one_se,0.0,0.47792039123751934,0.09405879383833986,0.8,0.0,0.0,-0.015613456914634505,0.08208447665248418,2,False,37ddca2239a3205ecc05778ca46a09c35cf1168c992b4963f38e6f96ce54f2f8,one-SE U-PDA,1,0.001
OpenBMI,outcome,1,0,43,upda_r1_l20.001_one_se,0.0,0.34521362278254586,0.021889045094527285,0.85,0.0,0.0,-0.04058716782704701,0.060861843306853215,2,False,37ddca2239a3205ecc05778ca46a09c35cf1168c992b4963f38e6f96ce54f2f8,one-SE U-PDA,1,0.001
OpenBMI,outcome,1,0,44,upda_r1_l20.001_one_se,0.0,0.5530976601227406,0.1979984617995974,0.7,0.0,0.0,-0.00017969935215932098,0.03380750960618474,1,False,37ddca2239a3205ecc05778ca46a09c35cf1168c992b4963f38e6f96ce54f2f8,one-SE U-PDA,1,0.001
OpenBMI,outcome,1,0,48,upda_r1_l20.001_one_se,0.0,0.5894974356352746,0.16349887279391162,0.73,0.0,0.0,-0.051729449705359726,0.03243452660002132,0,False,37ddca2239a3205ecc05778ca46a09c35cf1168c992b4963f38e6f96ce54f2f8,one-SE U-PDA,1,0.001
OpenBMI,outcome,1,0,50,upda_r1_l20.001_one_se,0.5,0.9573057347954348,0.2866352604369696,0.54,0.5,0.5,0.2580630538045766,0.3335013275534215,2,False,37ddca2239a3205ecc05778ca46a09c35cf1168c992b4963f38e6f96ce54f2f8,one-SE U-PDA,1,0.001
OpenBMI,outcome,1,1,14,upda_r1_l20.001_one_se,0.25,0.686584923871828,0.17618165441225445,0.64,0.25,0.25,0.06960279774770918,0.1655474528514708,2,False,37ddca2239a3205ecc05778ca46a09c35cf1168c992b4963f38e6f96ce54f2f8,one-SE U-PDA,1,0.001
OpenBMI,outcome,1,1,2,upda_r1_l20.001_one_se,0.0,0.5878041166741168,0.17579337381696575,0.75,0.0,0.0,0.018731916918047466,0.04860556039171875,3,False,37ddca2239a3205ecc05778ca46a09c35cf1168c992b4963f38e6f96ce54f2f8,one-SE U-PDA,1,0.001
OpenBMI,outcome,1,1,34,upda_r1_l20.001_one_se,0.25,0.8605393184038628,0.1168362009522892,0.5700000000000001,0.25,0.25,0.099598770769742,0.06769377163063535,3,False,37ddca2239a3205ecc05778ca46a09c35cf1168c992b4963f38e6f96ce54f2f8,one-SE U-PDA,1,0.001
OpenBMI,outcome,1,1,40,upda_r1_l20.001_one_se,0.0,0.47792039123751934,0.09405879383833986,0.8,0.0,0.0,-0.015613456914634505,0.08208447665248418,2,False,37ddca2239a3205ecc05778ca46a09c35cf1168c992b4963f38e6f96ce54f2f8,one-SE U-PDA,1,0.001
OpenBMI,outcome,1,1,43,upda_r1_l20.001_one_se,0.0,0.34521362278254586,0.021889045094527285,0.85,0.0,0.0,-0.04058716782704701,0.060861843306853215,2,False,37ddca2239a3205ecc05778ca46a09c35cf1168c992b4963f38e6f96ce54f2f8,one-SE U-PDA,1,0.001
OpenBMI,outcome,1,1,44,upda_r1_l20.001_one_se,0.0,0.5530976601227406,0.1979984617995974,0.7,0.0,0.0,-0.00017969935215932098,0.03380750960618474,1,False,37ddca2239a3205ecc05778ca46a09c35cf1168c992b4963f38e6f96ce54f2f8,one-SE U-PDA,1,0.001
OpenBMI,outcome,1,1,48,upda_r1_l20.001_one_se,0.0,0.5894974356352746,0.16349887279391162,0.73,0.0,0.0,-0.051729449705359726,0.03243452660002132,0,False,37ddca2239a3205ecc05778ca46a09c35cf1168c992b4963f38e6f96ce54f2f8,one-SE U-PDA,1,0.001
OpenBMI,outcome,1,1,50,upda_r1_l20.001_one_se,0.5,0.9573057347954348,0.2866352604369696,0.54,0.5,0.5,0.2580630538045766,0.3335013275534215,2,False,37ddca2239a3205ecc05778ca46a09c35cf1168c992b4963f38e6f96ce54f2f8,one-SE U-PDA,1,0.001
OpenBMI,outcome,1,2,14,upda_r1_l20.001_one_se,0.25,0.686584923871828,0.17618165441225445,0.64,0.25,0.25,0.06960279774770918,0.1655474528514708,2,False,37ddca2239a3205ecc05778ca46a09c35cf1168c992b4963f38e6f96ce54f2f8,one-SE U-PDA,1,0.001
OpenBMI,outcome,1,2,2,upda_r1_l20.001_one_se,0.0,0.5878041166741168,0.17579337381696575,0.75,0.0,0.0,0.018731916918047466,0.04860556039171875,3,False,37ddca2239a3205ecc05778ca46a09c35cf1168c992b4963f38e6f96ce54f2f8,one-SE U-PDA,1,0.001
OpenBMI,outcome,1,2,34,upda_r1_l20.001_one_se,0.25,0.8605393184038628,0.1168362009522892,0.5700000000000001,0.25,0.25,0.099598770769742,0.06769377163063535,3,False,37ddca2239a3205ecc05778ca46a09c35cf1168c992b4963f38e6f96ce54f2f8,one-SE U-PDA,1,0.001
OpenBMI,outcome,1,2,40,upda_r1_l20.001_one_se,0.0,0.47792039123751934,0.09405879383833986,0.8,0.0,0.0,-0.015613456914634505,0.08208447665248418,2,False,37ddca2239a3205ecc05778ca46a09c35cf1168c992b4963f38e6f96ce54f2f8,one-SE U-PDA,1,0.001
OpenBMI,outcome,1,2,43,upda_r1_l20.001_one_se,0.0,0.34521362278254586,0.021889045094527285,0.85,0.0,0.0,-0.04058716782704701,0.060861843306853215,2,False,37ddca2239a3205ecc05778ca46a09c35cf1168c992b4963f38e6f96ce54f2f8,one-SE U-PDA,1,0.001
OpenBMI,outcome,1,2,44,upda_r1_l20.001_one_se,0.0,0.5530976601227406,0.1979984617995974,0.7,0.0,0.0,-0.00017969935215932098,0.03380750960618474,1,False,37ddca2239a3205ecc05778ca46a09c35cf1168c992b4963f38e6f96ce54f2f8,one-SE U-PDA,1,0.001
OpenBMI,outcome,1,2,48,upda_r1_l20.001_one_se,0.0,0.5894974356352746,0.16349887279391162,0.73,0.0,0.0,-0.051729449705359726,0.03243452660002132,0,False,37ddca2239a3205ecc05778ca46a09c35cf1168c992b4963f38e6f96ce54f2f8,one-SE U-PDA,1,0.001
OpenBMI,outcome,1,2,50,upda_r1_l20.001_one_se,0.5,0.9573057347954348,0.2866352604369696,0.54,0.5,0.5,0.2580630538045766,0.3335013275534215,2,False,37ddca2239a3205ecc05778ca46a09c35cf1168c992b4963f38e6f96ce54f2f8,one-SE U-PDA,1,0.001
OpenBMI,outcome,2,0,10,upda_r1_l20.001_one_se,0.25,0.626443112851775,0.13561001510349668,0.6000000000000001,0.25,0.25,0.04828023286637584,0.2150694413343267,2,False,dd806412d39cc8c38e5fceac3f6e07a7747b44d375c2c09905b264861b8ef724,one-SE U-PDA,1,0.001
OpenBMI,outcome,2,0,16,upda_r1_l20.001_one_se,0.25,0.6620081586635492,0.2069377719720506,0.6799999999999999,0.25,0.25,0.08438806218435763,0.19265713985126184,2,False,dd806412d39cc8c38e5fceac3f6e07a7747b44d375c2c09905b264861b8ef724,one-SE U-PDA,1,0.001
OpenBMI,outcome,2,0,21,upda_r1_l20.001_one_se,0.0,0.5532925170076313,0.1282094694277634,0.73,0.0,0.0,-0.39150422658867046,0.4034004144644726,2,False,dd806412d39cc8c38e5fceac3f6e07a7747b44d375c2c09905b264861b8ef724,one-SE U-PDA,1,0.001
OpenBMI,outcome,2,0,22,upda_r1_l20.001_one_se,0.0,0.6590967607760441,0.14558893391194316,0.6900000000000001,0.0,0.0,0.02047649999104774,0.19053515579102043,2,False,dd806412d39cc8c38e5fceac3f6e07a7747b44d375c2c09905b264861b8ef724,one-SE U-PDA,1,0.001
OpenBMI,outcome,2,0,31,upda_r1_l20.001_one_se,0.0,0.3884383105684136,0.07239868055086947,0.83,0.0,0.0,0.0038487946073597415,0.07168488571539217,2,False,dd806412d39cc8c38e5fceac3f6e07a7747b44d375c2c09905b264861b8ef724,one-SE U-PDA,1,0.001
OpenBMI,outcome,2,0,45,upda_r1_l20.001_one_se,0.0,0.8110063609462916,0.1028243491058134,0.62,0.0,0.0,0.03342468428308615,0.19993009872576037,2,False,dd806412d39cc8c38e5fceac3f6e07a7747b44d375c2c09905b264861b8ef724,one-SE U-PDA,1,0.001
OpenBMI,outcome,2,0,53,upda_r1_l20.001_one_se,0.0,0.4308704413795757,0.06354107930743788,0.7999999999999999,0.0,0.0,-0.002966983272080559,0.018892968651188544,2,False,dd806412d39cc8c38e5fceac3f6e07a7747b44d375c2c09905b264861b8ef724,one-SE U-PDA,1,0.001
OpenBMI,outcome,2,0,9,upda_r1_l20.001_one_se,0.75,0.6574024730492722,0.031241212357428324,0.59,0.75,0.75,0.03976736655107327,0.034212460299566996,3,False,dd806412d39cc8c38e5fceac3f6e07a7747b44d375c2c09905b264861b8ef724,one-SE U-PDA,1,0.001
OpenBMI,outcome,2,1,10,upda_r1_l20.001_one_se,0.25,0.626443112851775,0.13561001510349668,0.6000000000000001,0.25,0.25,0.04828023286637584,0.2150694413343267,2,False,dd806412d39cc8c38e5fceac3f6e07a7747b44d375c2c09905b264861b8ef724,one-SE U-PDA,1,0.001
OpenBMI,outcome,2,1,16,upda_r1_l20.001_one_se,0.25,0.6620081586635492,0.2069377719720506,0.6799999999999999,0.25,0.25,0.08438806218435763,0.19265713985126184,2,False,dd806412d39cc8c38e5fceac3f6e07a7747b44d375c2c09905b264861b8ef724,one-SE U-PDA,1,0.001
OpenBMI,outcome,2,1,21,upda_r1_l20.001_one_se,0.0,0.5532925170076313,0.1282094694277634,0.73,0.0,0.0,-0.39150422658867046,0.4034004144644726,2,False,dd806412d39cc8c38e5fceac3f6e07a7747b44d375c2c09905b264861b8ef724,one-SE U-PDA,1,0.001
OpenBMI,outcome,2,1,22,upda_r1_l20.001_one_se,0.0,0.6590967607760441,0.14558893391194316,0.6900000000000001,0.0,0.0,0.02047649999104774,0.19053515579102043,2,False,dd806412d39cc8c38e5fceac3f6e07a7747b44d375c2c09905b264861b8ef724,one-SE U-PDA,1,0.001
OpenBMI,outcome,2,1,31,upda_r1_l20.001_one_se,0.0,0.3884383105684136,0.07239868055086947,0.83,0.0,0.0,0.0038487946073597415,0.07168488571539217,2,False,dd806412d39cc8c38e5fceac3f6e07a7747b44d375c2c09905b264861b8ef724,one-SE U-PDA,1,0.001
OpenBMI,outcome,2,1,45,upda_r1_l20.001_one_se,0.0,0.8110063609462916,0.1028243491058134,0.62,0.0,0.0,0.03342468428308615,0.19993009872576037,2,False,dd806412d39cc8c38e5fceac3f6e07a7747b44d375c2c09905b264861b8ef724,one-SE U-PDA,1,0.001
OpenBMI,outcome,2,1,53,upda_r1_l20.001_one_se,0.0,0.4308704413795757,0.06354107930743788,0.7999999999999999,0.0,0.0,-0.002966983272080559,0.018892968651188544,2,False,dd806412d39cc8c38e5fceac3f6e07a7747b44d375c2c09905b264861b8ef724,one-SE U-PDA,1,0.001
OpenBMI,outcome,2,1,9,upda_r1_l20.001_one_se,0.75,0.6574024730492722,0.031241212357428324,0.59,0.75,0.75,0.03976736655107327,0.034212460299566996,3,False,dd806412d39cc8c38e5fceac3f6e07a7747b44d375c2c09905b264861b8ef724,one-SE U-PDA,1,0.001
OpenBMI,outcome,2,2,10,upda_r1_l20.001_one_se,0.25,0.626443112851775,0.13561001510349668,0.6000000000000001,0.25,0.25,0.04828023286637584,0.2150694413343267,2,False,dd806412d39cc8c38e5fceac3f6e07a7747b44d375c2c09905b264861b8ef724,one-SE U-PDA,1,0.001
OpenBMI,outcome,2,2,16,upda_r1_l20.001_one_se,0.25,0.6620081586635492,0.2069377719720506,0.6799999999999999,0.25,0.25,0.08438806218435763,0.19265713985126184,2,False,dd806412d39cc8c38e5fceac3f6e07a7747b44d375c2c09905b264861b8ef724,one-SE U-PDA,1,0.001
OpenBMI,outcome,2,2,21,upda_r1_l20.001_one_se,0.0,0.5532925170076313,0.1282094694277634,0.73,0.0,0.0,-0.39150422658867046,0.4034004144644726,2,False,dd806412d39cc8c38e5fceac3f6e07a7747b44d375c2c09905b264861b8ef724,one-SE U-PDA,1,0.001
OpenBMI,outcome,2,2,22,upda_r1_l20.001_one_se,0.0,0.6590967607760441,0.14558893391194316,0.6900000000000001,0.0,0.0,0.02047649999104774,0.19053515579102043,2,False,dd806412d39cc8c38e5fceac3f6e07a7747b44d375c2c09905b264861b8ef724,one-SE U-PDA,1,0.001
OpenBMI,outcome,2,2,31,upda_r1_l20.001_one_se,0.0,0.3884383105684136,0.07239868055086947,0.83,0.0,0.0,0.0038487946073597415,0.07168488571539217,2,False,dd806412d39cc8c38e5fceac3f6e07a7747b44d375c2c09905b264861b8ef724,one-SE U-PDA,1,0.001
OpenBMI,outcome,2,2,45,upda_r1_l20.001_one_se,0.0,0.8110063609462916,0.1028243491058134,0.62,0.0,0.0,0.03342468428308615,0.19993009872576037,2,False,dd806412d39cc8c38e5fceac3f6e07a7747b44d375c2c09905b264861b8ef724,one-SE U-PDA,1,0.001
OpenBMI,outcome,2,2,53,upda_r1_l20.001_one_se,0.0,0.4308704413795757,0.06354107930743788,0.7999999999999999,0.0,0.0,-0.002966983272080559,0.018892968651188544,2,False,dd806412d39cc8c38e5fceac3f6e07a7747b44d375c2c09905b264861b8ef724,one-SE U-PDA,1,0.001
OpenBMI,outcome,2,2,9,upda_r1_l20.001_one_se,0.75,0.6574024730492722,0.031241212357428324,0.59,0.75,0.75,0.03976736655107327,0.034212460299566996,3,False,dd806412d39cc8c38e5fceac3f6e07a7747b44d375c2c09905b264861b8ef724,one-SE U-PDA,1,0.001
OpenBMI,outcome,3,0,1,upda_r1_l20.001_one_se,0.0,0.5997712084106821,0.08601282815894791,0.64,0.0,0.0,-0.07045970263216556,0.08495958734383438,2,False,6189810936384c4e7f638a1ed3ea4139d9d7975815ec4faa9d7741ff1c46d761,one-SE U-PDA,1,0.001
OpenBMI,outcome,3,0,20,upda_r1_l20.001_one_se,0.0,0.5141261347991485,0.08551866986364615,0.78,0.0,0.0,-0.043904478031006944,0.04591835147585307,2,False,6189810936384c4e7f638a1ed3ea4139d9d7975815ec4faa9d7741ff1c46d761,one-SE U-PDA,1,0.001
OpenBMI,outcome,3,0,23,upda_r1_l20.001_one_se,0.25,0.7226989823226678,0.09569687335396802,0.65,0.25,0.25,0.04433172104645311,0.0897021074948906,2,False,6189810936384c4e7f638a1ed3ea4139d9d7975815ec4faa9d7741ff1c46d761,one-SE U-PDA,1,0.001
OpenBMI,outcome,3,0,26,upda_r1_l20.001_one_se,0.0,0.32936947813648776,0.09454382757194524,0.84,0.0,0.0,-0.40457483630357866,0.3753488263351706,2,False,6189810936384c4e7f638a1ed3ea4139d9d7975815ec4faa9d7741ff1c46d761,one-SE U-PDA,1,0.001
OpenBMI,outcome,3,0,35,upda_r1_l20.001_one_se,0.5,0.07617838867743774,0.007325132676510337,0.98,0.5,0.5,0.03752550148052289,0.0041597702831562555,4,False,6189810936384c4e7f638a1ed3ea4139d9d7975815ec4faa9d7741ff1c46d761,one-SE U-PDA,1,0.001
OpenBMI,outcome,3,0,5,upda_r1_l20.001_one_se,0.0,0.31513478042340015,0.03642829600194474,0.87,0.0,0.0,0.013443614770183326,0.028821840805899758,2,False,6189810936384c4e7f638a1ed3ea4139d9d7975815ec4faa9d7741ff1c46d761,one-SE U-PDA,1,0.001
OpenBMI,outcome,3,0,6,upda_r1_l20.001_one_se,0.0,0.31891443529822416,0.07552908670278115,0.85,0.0,0.0,-0.05350010347815606,0.027391258472153884,1,False,6189810936384c4e7f638a1ed3ea4139d9d7975815ec4faa9d7741ff1c46d761,one-SE U-PDA,1,0.001
OpenBMI,outcome,3,0,7,upda_r1_l20.001_one_se,0.0,0.5407836930196559,0.05564764708441053,0.73,0.0,0.0,-0.03176934821648647,0.0221877306659852,1,False,6189810936384c4e7f638a1ed3ea4139d9d7975815ec4faa9d7741ff1c46d761,one-SE U-PDA,1,0.001
OpenBMI,outcome,3,1,1,upda_r1_l20.001_one_se,0.0,0.5997712084106821,0.08601282815894791,0.64,0.0,0.0,-0.07045970263216556,0.08495958734383438,2,False,6189810936384c4e7f638a1ed3ea4139d9d7975815ec4faa9d7741ff1c46d761,one-SE U-PDA,1,0.001
OpenBMI,outcome,3,1,20,upda_r1_l20.001_one_se,0.0,0.5141261347991485,0.08551866986364615,0.78,0.0,0.0,-0.043904478031006944,0.04591835147585307,2,False,6189810936384c4e7f638a1ed3ea4139d9d7975815ec4faa9d7741ff1c46d761,one-SE U-PDA,1,0.001
OpenBMI,outcome,3,1,23,upda_r1_l20.001_one_se,0.25,0.7226989823226678,0.09569687335396802,0.65,0.25,0.25,0.04433172104645311,0.0897021074948906,2,False,6189810936384c4e7f638a1ed3ea4139d9d7975815ec4faa9d7741ff1c46d761,one-SE U-PDA,1,0.001
OpenBMI,outcome,3,1,26,upda_r1_l20.001_one_se,0.0,0.32936947813648776,0.09454382757194524,0.84,0.0,0.0,-0.40457483630357866,0.3753488263351706,2,False,6189810936384c4e7f638a1ed3ea4139d9d7975815ec4faa9d7741ff1c46d761,one-SE U-PDA,1,0.001
OpenBMI,outcome,3,1,35,upda_r1_l20.001_one_se,0.5,0.07617838867743774,0.007325132676510337,0.98,0.5,0.5,0.03752550148052289,0.0041597702831562555,4,False,6189810936384c4e7f638a1ed3ea4139d9d7975815ec4faa9d7741ff1c46d761,one-SE U-PDA,1,0.001
OpenBMI,outcome,3,1,5,upda_r1_l20.001_one_se,0.0,0.31513478042340015,0.03642829600194474,0.87,0.0,0.0,0.013443614770183326,0.028821840805899758,2,False,6189810936384c4e7f638a1ed3ea4139d9d7975815ec4faa9d7741ff1c46d761,one-SE U-PDA,1,0.001
OpenBMI,outcome,3,1,6,upda_r1_l20.001_one_se,0.0,0.31891443529822416,0.07552908670278115,0.85,0.0,0.0,-0.05350010347815606,0.027391258472153884,1,False,6189810936384c4e7f638a1ed3ea4139d9d7975815ec4faa9d7741ff1c46d761,one-SE U-PDA,1,0.001
OpenBMI,outcome,3,1,7,upda_r1_l20.001_one_se,0.0,0.5407836930196559,0.05564764708441053,0.73,0.0,0.0,-0.03176934821648647,0.0221877306659852,1,False,6189810936384c4e7f638a1ed3ea4139d9d7975815ec4faa9d7741ff1c46d761,one-SE U-PDA,1,0.001
OpenBMI,outcome,3,2,1,upda_r1_l20.001_one_se,0.0,0.5997712084106821,0.08601282815894791,0.64,0.0,0.0,-0.07045970263216556,0.08495958734383438,2,False,6189810936384c4e7f638a1ed3ea4139d9d7975815ec4faa9d7741ff1c46d761,one-SE U-PDA,1,0.001
OpenBMI,outcome,3,2,20,upda_r1_l20.001_one_se,0.0,0.5141261347991485,0.08551866986364615,0.78,0.0,0.0,-0.043904478031006944,0.04591835147585307,2,False,6189810936384c4e7f638a1ed3ea4139d9d7975815ec4faa9d7741ff1c46d761,one-SE U-PDA,1,0.001
OpenBMI,outcome,3,2,23,upda_r1_l20.001_one_se,0.25,0.7226989823226678,0.09569687335396802,0.65,0.25,0.25,0.04433172104645311,0.0897021074948906,2,False,6189810936384c4e7f638a1ed3ea4139d9d7975815ec4faa9d7741ff1c46d761,one-SE U-PDA,1,0.001
OpenBMI,outcome,3,2,26,upda_r1_l20.001_one_se,0.0,0.32936947813648776,0.09454382757194524,0.84,0.0,0.0,-0.40457483630357866,0.3753488263351706,2,False,6189810936384c4e7f638a1ed3ea4139d9d7975815ec4faa9d7741ff1c46d761,one-SE U-PDA,1,0.001
OpenBMI,outcome,3,2,35,upda_r1_l20.001_one_se,0.5,0.07617838867743774,0.007325132676510337,0.98,0.5,0.5,0.03752550148052289,0.0041597702831562555,4,False,6189810936384c4e7f638a1ed3ea4139d9d7975815ec4faa9d7741ff1c46d761,one-SE U-PDA,1,0.001
OpenBMI,outcome,3,2,5,upda_r1_l20.001_one_se,0.0,0.31513478042340015,0.03642829600194474,0.87,0.0,0.0,0.013443614770183326,0.028821840805899758,2,False,6189810936384c4e7f638a1ed3ea4139d9d7975815ec4faa9d7741ff1c46d761,one-SE U-PDA,1,0.001
OpenBMI,outcome,3,2,6,upda_r1_l20.001_one_se,0.0,0.31891443529822416,0.07552908670278115,0.85,0.0,0.0,-0.05350010347815606,0.027391258472153884,1,False,6189810936384c4e7f638a1ed3ea4139d9d7975815ec4faa9d7741ff1c46d761,one-SE U-PDA,1,0.001
OpenBMI,outcome,3,2,7,upda_r1_l20.001_one_se,0.0,0.5407836930196559,0.05564764708441053,0.73,0.0,0.0,-0.03176934821648647,0.0221877306659852,1,False,6189810936384c4e7f638a1ed3ea4139d9d7975815ec4faa9d7741ff1c46d761,one-SE U-PDA,1,0.001
OpenBMI,outcome,4,0,11,upda_r1_l20.001_one_se,0.0,0.6240359523908793,0.019936691850093214,0.67,0.0,0.0,0.030172697972084356,0.0925924839091526,2,False,6d720bfb8dc771554a91dd5101f5299aaf53ea6e5a71fb0985ab24ccd9b09a75,one-SE U-PDA,1,0.001
OpenBMI,outcome,4,0,27,upda_r1_l20.001_one_se,0.0,0.6248988626356824,0.1638036290806355,0.72,0.0,0.0,-0.008549816032710794,0.014618764976838748,3,False,6d720bfb8dc771554a91dd5101f5299aaf53ea6e5a71fb0985ab24ccd9b09a75,one-SE U-PDA,1,0.001
OpenBMI,outcome,4,0,28,upda_r1_l20.001_one_se,0.0,0.2886374298276393,0.1345911503475341,0.89,0.0,0.0,-0.29878615062434266,0.22750782978190018,1,False,6d720bfb8dc771554a91dd5101f5299aaf53ea6e5a71fb0985ab24ccd9b09a75,one-SE U-PDA,1,0.001
OpenBMI,outcome,4,0,3,upda_r1_l20.001_one_se,0.0,0.28918818027577775,0.08256476441510562,0.9099999999999999,0.0,0.0,-0.018030444795522835,0.03236119856340066,2,False,6d720bfb8dc771554a91dd5101f5299aaf53ea6e5a71fb0985ab24ccd9b09a75,one-SE U-PDA,1,0.001
OpenBMI,outcome,4,0,30,upda_r1_l20.001_one_se,0.0,0.5627299145227797,0.20888080983696056,0.68,0.0,0.0,0.024102895830207763,0.15235930503378972,2,False,6d720bfb8dc771554a91dd5101f5299aaf53ea6e5a71fb0985ab24ccd9b09a75,one-SE U-PDA,1,0.001
OpenBMI,outcome,4,0,38,upda_r1_l20.001_one_se,0.0,0.6798417363107219,0.25732901245921086,0.7,0.0,0.0,0.05205413709593909,0.1384826201443579,2,False,6d720bfb8dc771554a91dd5101f5299aaf53ea6e5a71fb0985ab24ccd9b09a75,one-SE U-PDA,1,0.001
OpenBMI,outcome,4,0,52,upda_r1_l20.001_one_se,0.0,0.3869998651304986,0.08905325218946557,0.81,0.0,0.0,-0.059070272156508945,0.07110697194850218,2,False,6d720bfb8dc771554a91dd5101f5299aaf53ea6e5a71fb0985ab24ccd9b09a75,one-SE U-PDA,1,0.001
OpenBMI,outcome,4,0,8,upda_r1_l20.001_one_se,0.0,0.5391220549574867,0.11398195803825635,0.7799999999999999,0.0,0.0,0.02173666349234911,0.026303861741392744,3,False,6d720bfb8dc771554a91dd5101f5299aaf53ea6e5a71fb0985ab24ccd9b09a75,one-SE U-PDA,1,0.001
OpenBMI,outcome,4,1,11,upda_r1_l20.001_one_se,0.0,0.6240359523908793,0.019936691850093214,0.67,0.0,0.0,0.030172697972084356,0.0925924839091526,2,False,6d720bfb8dc771554a91dd5101f5299aaf53ea6e5a71fb0985ab24ccd9b09a75,one-SE U-PDA,1,0.001
OpenBMI,outcome,4,1,27,upda_r1_l20.001_one_se,0.0,0.6248988626356824,0.1638036290806355,0.72,0.0,0.0,-0.008549816032710794,0.014618764976838748,3,False,6d720bfb8dc771554a91dd5101f5299aaf53ea6e5a71fb0985ab24ccd9b09a75,one-SE U-PDA,1,0.001
OpenBMI,outcome,4,1,28,upda_r1_l20.001_one_se,0.0,0.2886374298276393,0.1345911503475341,0.89,0.0,0.0,-0.29878615062434266,0.22750782978190018,1,False,6d720bfb8dc771554a91dd5101f5299aaf53ea6e5a71fb0985ab24ccd9b09a75,one-SE U-PDA,1,0.001
OpenBMI,outcome,4,1,3,upda_r1_l20.001_one_se,0.0,0.28918818027577775,0.08256476441510562,0.9099999999999999,0.0,0.0,-0.018030444795522835,0.03236119856340066,2,False,6d720bfb8dc771554a91dd5101f5299aaf53ea6e5a71fb0985ab24ccd9b09a75,one-SE U-PDA,1,0.001
OpenBMI,outcome,4,1,30,upda_r1_l20.001_one_se,0.0,0.5627299145227797,0.20888080983696056,0.68,0.0,0.0,0.024102895830207763,0.15235930503378972,2,False,6d720bfb8dc771554a91dd5101f5299aaf53ea6e5a71fb0985ab24ccd9b09a75,one-SE U-PDA,1,0.001
OpenBMI,outcome,4,1,38,upda_r1_l20.001_one_se,0.0,0.6798417363107219,0.25732901245921086,0.7,0.0,0.0,0.05205413709593909,0.1384826201443579,2,False,6d720bfb8dc771554a91dd5101f5299aaf53ea6e5a71fb0985ab24ccd9b09a75,one-SE U-PDA,1,0.001
OpenBMI,outcome,4,1,52,upda_r1_l20.001_one_se,0.0,0.3869998651304986,0.08905325218946557,0.81,0.0,0.0,-0.059070272156508945,0.07110697194850218,2,False,6d720bfb8dc771554a91dd5101f5299aaf53ea6e5a71fb0985ab24ccd9b09a75,one-SE U-PDA,1,0.001
OpenBMI,outcome,4,1,8,upda_r1_l20.001_one_se,0.0,0.5391220549574867,0.11398195803825635,0.7799999999999999,0.0,0.0,0.02173666349234911,0.026303861741392744,3,False,6d720bfb8dc771554a91dd5101f5299aaf53ea6e5a71fb0985ab24ccd9b09a75,one-SE U-PDA,1,0.001
OpenBMI,outcome,4,2,11,upda_r1_l20.001_one_se,0.0,0.6240359523908793,0.019936691850093214,0.67,0.0,0.0,0.030172697972084356,0.0925924839091526,2,False,6d720bfb8dc771554a91dd5101f5299aaf53ea6e5a71fb0985ab24ccd9b09a75,one-SE U-PDA,1,0.001
OpenBMI,outcome,4,2,27,upda_r1_l20.001_one_se,0.0,0.6248988626356824,0.1638036290806355,0.72,0.0,0.0,-0.008549816032710794,0.014618764976838748,3,False,6d720bfb8dc771554a91dd5101f5299aaf53ea6e5a71fb0985ab24ccd9b09a75,one-SE U-PDA,1,0.001
OpenBMI,outcome,4,2,28,upda_r1_l20.001_one_se,0.0,0.2886374298276393,0.1345911503475341,0.89,0.0,0.0,-0.29878615062434266,0.22750782978190018,1,False,6d720bfb8dc771554a91dd5101f5299aaf53ea6e5a71fb0985ab24ccd9b09a75,one-SE U-PDA,1,0.001
OpenBMI,outcome,4,2,3,upda_r1_l20.001_one_se,0.0,0.28918818027577775,0.08256476441510562,0.9099999999999999,0.0,0.0,-0.018030444795522835,0.03236119856340066,2,False,6d720bfb8dc771554a91dd5101f5299aaf53ea6e5a71fb0985ab24ccd9b09a75,one-SE U-PDA,1,0.001
OpenBMI,outcome,4,2,30,upda_r1_l20.001_one_se,0.0,0.5627299145227797,0.20888080983696056,0.68,0.0,0.0,0.024102895830207763,0.15235930503378972,2,False,6d720bfb8dc771554a91dd5101f5299aaf53ea6e5a71fb0985ab24ccd9b09a75,one-SE U-PDA,1,0.001
OpenBMI,outcome,4,2,38,upda_r1_l20.001_one_se,0.0,0.6798417363107219,0.25732901245921086,0.7,0.0,0.0,0.05205413709593909,0.1384826201443579,2,False,6d720bfb8dc771554a91dd5101f5299aaf53ea6e5a71fb0985ab24ccd9b09a75,one-SE U-PDA,1,0.001
OpenBMI,outcome,4,2,52,upda_r1_l20.001_one_se,0.0,0.3869998651304986,0.08905325218946557,0.81,0.0,0.0,-0.059070272156508945,0.07110697194850218,2,False,6d720bfb8dc771554a91dd5101f5299aaf53ea6e5a71fb0985ab24ccd9b09a75,one-SE U-PDA,1,0.001
OpenBMI,outcome,4,2,8,upda_r1_l20.001_one_se,0.0,0.5391220549574867,0.11398195803825635,0.7799999999999999,0.0,0.0,0.02173666349234911,0.026303861741392744,3,False,6d720bfb8dc771554a91dd5101f5299aaf53ea6e5a71fb0985ab24ccd9b09a75,one-SE U-PDA,1,0.001
WBCIC,outcome,0,0,1,upda_r1_l20.001_one_se,0.0,0.29518991458140004,0.04770898723486063,0.9086312399355878,0.0,0.0,0.0005787553131566883,0.016315528585539113,1,False,82c354410ffd6a7cb82c642f9f2329226368494b61720101268cd804b13bcb48,one-SE U-PDA,1,0.001
WBCIC,outcome,0,0,16,upda_r1_l20.001_one_se,0.75,0.8342064331635166,0.019960332077654117,0.4984751595508717,0.75,0.75,0.11495357588438604,0.010172830167071668,4,False,82c354410ffd6a7cb82c642f9f2329226368494b61720101268cd804b13bcb48,one-SE U-PDA,1,0.001
WBCIC,outcome,0,0,19,upda_r1_l20.001_one_se,0.0,0.6070754462620549,0.13265768119029894,0.7069809970625188,0.0,0.0,-0.005036355891226946,0.03380222345252121,2,False,82c354410ffd6a7cb82c642f9f2329226368494b61720101268cd804b13bcb48,one-SE U-PDA,1,0.001
WBCIC,outcome,0,0,21,upda_r1_l20.001_one_se,0.0,0.2985651500458586,0.03666630351661219,0.8652513006317355,0.0,0.0,-0.0005913302804111675,0.012896959957660575,2,False,82c354410ffd6a7cb82c642f9f2329226368494b61720101268cd804b13bcb48,one-SE U-PDA,1,0.001
WBCIC,outcome,0,0,28,upda_r1_l20.001_one_se,0.0,0.43691081997752057,0.07850132572087207,0.7657847663469852,0.0,0.0,-0.03929244334759459,0.012216698247248149,0,False,82c354410ffd6a7cb82c642f9f2329226368494b61720101268cd804b13bcb48,one-SE U-PDA,1,0.001
WBCIC,outcome,0,0,3,upda_r1_l20.001_one_se,0.0,0.20839079173577424,0.04111755069711886,0.925,0.0,0.0,0.009316970297310469,0.012405131303131327,2,False,82c354410ffd6a7cb82c642f9f2329226368494b61720101268cd804b13bcb48,one-SE U-PDA,1,0.001
WBCIC,outcome,0,0,33,upda_r1_l20.001_one_se,0.25,0.09640593195241949,0.010921136816689526,0.9805196886446886,0.25,0.25,0.030895104031238133,0.0180860143679702,3,False,82c354410ffd6a7cb82c642f9f2329226368494b61720101268cd804b13bcb48,one-SE U-PDA,1,0.001
WBCIC,outcome,0,0,37,upda_r1_l20.001_one_se,0.0,0.36209466836750936,0.02368961777982289,0.8511616687909791,0.0,0.0,0.01736317227582454,0.007306316875137678,4,False,82c354410ffd6a7cb82c642f9f2329226368494b61720101268cd804b13bcb48,one-SE U-PDA,1,0.001
WBCIC,outcome,0,0,5,upda_r1_l20.001_one_se,0.0,0.2986718420658617,0.05291292061190007,0.8572521228771228,0.0,0.0,0.00192499868917647,0.018918492433123695,2,False,82c354410ffd6a7cb82c642f9f2329226368494b61720101268cd804b13bcb48,one-SE U-PDA,1,0.001
WBCIC,outcome,0,1,1,upda_r1_l20.001_one_se,0.0,0.29518991458140004,0.04770898723486063,0.9086312399355878,0.0,0.0,0.0005787553131566883,0.016315528585539113,1,False,82c354410ffd6a7cb82c642f9f2329226368494b61720101268cd804b13bcb48,one-SE U-PDA,1,0.001
WBCIC,outcome,0,1,16,upda_r1_l20.001_one_se,0.75,0.8342064331635166,0.019960332077654117,0.4984751595508717,0.75,0.75,0.11495357588438604,0.010172830167071668,4,False,82c354410ffd6a7cb82c642f9f2329226368494b61720101268cd804b13bcb48,one-SE U-PDA,1,0.001
WBCIC,outcome,0,1,19,upda_r1_l20.001_one_se,0.0,0.6070754462620549,0.13265768119029894,0.7069809970625188,0.0,0.0,-0.005036355891226946,0.03380222345252121,2,False,82c354410ffd6a7cb82c642f9f2329226368494b61720101268cd804b13bcb48,one-SE U-PDA,1,0.001
WBCIC,outcome,0,1,21,upda_r1_l20.001_one_se,0.0,0.2985651500458586,0.03666630351661219,0.8652513006317355,0.0,0.0,-0.0005913302804111675,0.012896959957660575,2,False,82c354410ffd6a7cb82c642f9f2329226368494b61720101268cd804b13bcb48,one-SE U-PDA,1,0.001
WBCIC,outcome,0,1,28,upda_r1_l20.001_one_se,0.0,0.43691081997752057,0.07850132572087207,0.7657847663469852,0.0,0.0,-0.03929244334759459,0.012216698247248149,0,False,82c354410ffd6a7cb82c642f9f2329226368494b61720101268cd804b13bcb48,one-SE U-PDA,1,0.001
WBCIC,outcome,0,1,3,upda_r1_l20.001_one_se,0.0,0.20839079173577424,0.04111755069711886,0.925,0.0,0.0,0.009316970297310469,0.012405131303131327,2,False,82c354410ffd6a7cb82c642f9f2329226368494b61720101268cd804b13bcb48,one-SE U-PDA,1,0.001
WBCIC,outcome,0,1,33,upda_r1_l20.001_one_se,0.25,0.09640593195241949,0.010921136816689526,0.9805196886446886,0.25,0.25,0.030895104031238133,0.0180860143679702,3,False,82c354410ffd6a7cb82c642f9f2329226368494b61720101268cd804b13bcb48,one-SE U-PDA,1,0.001
WBCIC,outcome,0,1,37,upda_r1_l20.001_one_se,0.0,0.36209466836750936,0.02368961777982289,0.8511616687909791,0.0,0.0,0.01736317227582454,0.007306316875137678,4,False,82c354410ffd6a7cb82c642f9f2329226368494b61720101268cd804b13bcb48,one-SE U-PDA,1,0.001
WBCIC,outcome,0,1,5,upda_r1_l20.001_one_se,0.0,0.2986718420658617,0.05291292061190007,0.8572521228771228,0.0,0.0,0.00192499868917647,0.018918492433123695,2,False,82c354410ffd6a7cb82c642f9f2329226368494b61720101268cd804b13bcb48,one-SE U-PDA,1,0.001
WBCIC,outcome,0,2,1,upda_r1_l20.001_one_se,0.0,0.29518991458140004,0.04770898723486063,0.9086312399355878,0.0,0.0,0.0005787553131566883,0.016315528585539113,1,False,82c354410ffd6a7cb82c642f9f2329226368494b61720101268cd804b13bcb48,one-SE U-PDA,1,0.001
WBCIC,outcome,0,2,16,upda_r1_l20.001_one_se,0.75,0.8342064331635166,0.019960332077654117,0.4984751595508717,0.75,0.75,0.11495357588438604,0.010172830167071668,4,False,82c354410ffd6a7cb82c642f9f2329226368494b61720101268cd804b13bcb48,one-SE U-PDA,1,0.001
WBCIC,outcome,0,2,19,upda_r1_l20.001_one_se,0.0,0.6070754462620549,0.13265768119029894,0.7069809970625188,0.0,0.0,-0.005036355891226946,0.03380222345252121,2,False,82c354410ffd6a7cb82c642f9f2329226368494b61720101268cd804b13bcb48,one-SE U-PDA,1,0.001
WBCIC,outcome,0,2,21,upda_r1_l20.001_one_se,0.0,0.2985651500458586,0.03666630351661219,0.8652513006317355,0.0,0.0,-0.0005913302804111675,0.012896959957660575,2,False,82c354410ffd6a7cb82c642f9f2329226368494b61720101268cd804b13bcb48,one-SE U-PDA,1,0.001
WBCIC,outcome,0,2,28,upda_r1_l20.001_one_se,0.0,0.43691081997752057,0.07850132572087207,0.7657847663469852,0.0,0.0,-0.03929244334759459,0.012216698247248149,0,False,82c354410ffd6a7cb82c642f9f2329226368494b61720101268cd804b13bcb48,one-SE U-PDA,1,0.001
WBCIC,outcome,0,2,3,upda_r1_l20.001_one_se,0.0,0.20839079173577424,0.04111755069711886,0.925,0.0,0.0,0.009316970297310469,0.012405131303131327,2,False,82c354410ffd6a7cb82c642f9f2329226368494b61720101268cd804b13bcb48,one-SE U-PDA,1,0.001
WBCIC,outcome,0,2,33,upda_r1_l20.001_one_se,0.25,0.09640593195241949,0.010921136816689526,0.9805196886446886,0.25,0.25,0.030895104031238133,0.0180860143679702,3,False,82c354410ffd6a7cb82c642f9f2329226368494b61720101268cd804b13bcb48,one-SE U-PDA,1,0.001
WBCIC,outcome,0,2,37,upda_r1_l20.001_one_se,0.0,0.36209466836750936,0.02368961777982289,0.8511616687909791,0.0,0.0,0.01736317227582454,0.007306316875137678,4,False,82c354410ffd6a7cb82c642f9f2329226368494b61720101268cd804b13bcb48,one-SE U-PDA,1,0.001
WBCIC,outcome,0,2,5,upda_r1_l20.001_one_se,0.0,0.2986718420658617,0.05291292061190007,0.8572521228771228,0.0,0.0,0.00192499868917647,0.018918492433123695,2,False,82c354410ffd6a7cb82c642f9f2329226368494b61720101268cd804b13bcb48,one-SE U-PDA,1,0.001
WBCIC,outcome,1,0,11,upda_r1_l20.001_one_se,0.0,0.17780859707402225,0.05131409241294129,0.9252015345765346,0.0,0.0,-0.05335840996607235,0.042950687141445634,1,False,ca4516bbafb2845c528ec9f96e16e026d4582883c810917e29b83c5346a8f924,one-SE U-PDA,1,0.001
WBCIC,outcome,1,0,13,upda_r1_l20.001_one_se,0.0,0.2893691352600335,0.11157170553081046,0.8727938727938729,0.0,0.0,-0.056941790412190496,0.05287728329414704,1,False,ca4516bbafb2845c528ec9f96e16e026d4582883c810917e29b83c5346a8f924,one-SE U-PDA,1,0.001
WBCIC,outcome,1,0,18,upda_r1_l20.001_one_se,0.75,0.7318829856261859,0.029467705379517414,0.549440186423882,0.75,0.75,0.04364298937829875,0.02071073038287786,3,False,ca4516bbafb2845c528ec9f96e16e026d4582883c810917e29b83c5346a8f924,one-SE U-PDA,1,0.001
WBCIC,outcome,1,0,2,upda_r1_l20.001_one_se,0.0,0.6420966900669529,0.11860199485106428,0.6632950885668276,0.0,0.0,0.06306915807505793,0.03453808880812408,3,False,ca4516bbafb2845c528ec9f96e16e026d4582883c810917e29b83c5346a8f924,one-SE U-PDA,1,0.001
WBCIC,outcome,1,0,27,upda_r1_l20.001_one_se,0.75,0.8106791633623874,0.0441875670613141,0.5539928821178821,0.75,0.75,0.08499551291840246,0.021965575608885225,4,False,ca4516bbafb2845c528ec9f96e16e026d4582883c810917e29b83c5346a8f924,one-SE U-PDA,1,0.001
WBCIC,outcome,1,0,36,upda_r1_l20.001_one_se,0.0,0.21310869154040976,0.08080245722372754,0.8949358974358974,0.0,0.0,-0.008596307160807974,0.0026963537610956404,0,False,ca4516bbafb2845c528ec9f96e16e026d4582883c810917e29b83c5346a8f924,one-SE U-PDA,1,0.001
WBCIC,outcome,1,0,44,upda_r1_l20.001_one_se,0.75,0.775055437095962,0.04029377120241015,0.63,0.75,0.75,0.11270730337103205,0.01563651771242387,4,False,ca4516bbafb2845c528ec9f96e16e026d4582883c810917e29b83c5346a8f924,one-SE U-PDA,1,0.001
WBCIC,outcome,1,0,45,upda_r1_l20.001_one_se,0.0,0.2752105084067424,0.04937992027925762,0.8647342995169083,0.0,0.0,0.015320854585071271,0.006950300886774219,4,False,ca4516bbafb2845c528ec9f96e16e026d4582883c810917e29b83c5346a8f924,one-SE U-PDA,1,0.001
WBCIC,outcome,1,1,11,upda_r1_l20.001_one_se,0.0,0.17780859707402225,0.05131409241294129,0.9252015345765346,0.0,0.0,-0.05335840996607235,0.042950687141445634,1,False,ca4516bbafb2845c528ec9f96e16e026d4582883c810917e29b83c5346a8f924,one-SE U-PDA,1,0.001
WBCIC,outcome,1,1,13,upda_r1_l20.001_one_se,0.0,0.2893691352600335,0.11157170553081046,0.8727938727938729,0.0,0.0,-0.056941790412190496,0.05287728329414704,1,False,ca4516bbafb2845c528ec9f96e16e026d4582883c810917e29b83c5346a8f924,one-SE U-PDA,1,0.001
WBCIC,outcome,1,1,18,upda_r1_l20.001_one_se,0.75,0.7318829856261859,0.029467705379517414,0.549440186423882,0.75,0.75,0.04364298937829875,0.02071073038287786,3,False,ca4516bbafb2845c528ec9f96e16e026d4582883c810917e29b83c5346a8f924,one-SE U-PDA,1,0.001
WBCIC,outcome,1,1,2,upda_r1_l20.001_one_se,0.0,0.6420966900669529,0.11860199485106428,0.6632950885668276,0.0,0.0,0.06306915807505793,0.03453808880812408,3,False,ca4516bbafb2845c528ec9f96e16e026d4582883c810917e29b83c5346a8f924,one-SE U-PDA,1,0.001
WBCIC,outcome,1,1,27,upda_r1_l20.001_one_se,0.75,0.8106791633623874,0.0441875670613141,0.5539928821178821,0.75,0.75,0.08499551291840246,0.021965575608885225,4,False,ca4516bbafb2845c528ec9f96e16e026d4582883c810917e29b83c5346a8f924,one-SE U-PDA,1,0.001
WBCIC,outcome,1,1,36,upda_r1_l20.001_one_se,0.0,0.21310869154040976,0.08080245722372754,0.8949358974358974,0.0,0.0,-0.008596307160807974,0.0026963537610956404,0,False,ca4516bbafb2845c528ec9f96e16e026d4582883c810917e29b83c5346a8f924,one-SE U-PDA,1,0.001
WBCIC,outcome,1,1,44,upda_r1_l20.001_one_se,0.75,0.775055437095962,0.04029377120241015,0.63,0.75,0.75,0.11270730337103205,0.01563651771242387,4,False,ca4516bbafb2845c528ec9f96e16e026d4582883c810917e29b83c5346a8f924,one-SE U-PDA,1,0.001
WBCIC,outcome,1,1,45,upda_r1_l20.001_one_se,0.0,0.2752105084067424,0.04937992027925762,0.8647342995169083,0.0,0.0,0.015320854585071271,0.006950300886774219,4,False,ca4516bbafb2845c528ec9f96e16e026d4582883c810917e29b83c5346a8f924,one-SE U-PDA,1,0.001
WBCIC,outcome,1,2,11,upda_r1_l20.001_one_se,0.0,0.17780859707402225,0.05131409241294129,0.9252015345765346,0.0,0.0,-0.05335840996607235,0.042950687141445634,1,False,ca4516bbafb2845c528ec9f96e16e026d4582883c810917e29b83c5346a8f924,one-SE U-PDA,1,0.001
WBCIC,outcome,1,2,13,upda_r1_l20.001_one_se,0.0,0.2893691352600335,0.11157170553081046,0.8727938727938729,0.0,0.0,-0.056941790412190496,0.05287728329414704,1,False,ca4516bbafb2845c528ec9f96e16e026d4582883c810917e29b83c5346a8f924,one-SE U-PDA,1,0.001
WBCIC,outcome,1,2,18,upda_r1_l20.001_one_se,0.75,0.7318829856261859,0.029467705379517414,0.549440186423882,0.75,0.75,0.04364298937829875,0.02071073038287786,3,False,ca4516bbafb2845c528ec9f96e16e026d4582883c810917e29b83c5346a8f924,one-SE U-PDA,1,0.001
WBCIC,outcome,1,2,2,upda_r1_l20.001_one_se,0.0,0.6420966900669529,0.11860199485106428,0.6632950885668276,0.0,0.0,0.06306915807505793,0.03453808880812408,3,False,ca4516bbafb2845c528ec9f96e16e026d4582883c810917e29b83c5346a8f924,one-SE U-PDA,1,0.001
WBCIC,outcome,1,2,27,upda_r1_l20.001_one_se,0.75,0.8106791633623874,0.0441875670613141,0.5539928821178821,0.75,0.75,0.08499551291840246,0.021965575608885225,4,False,ca4516bbafb2845c528ec9f96e16e026d4582883c810917e29b83c5346a8f924,one-SE U-PDA,1,0.001
WBCIC,outcome,1,2,36,upda_r1_l20.001_one_se,0.0,0.21310869154040976,0.08080245722372754,0.8949358974358974,0.0,0.0,-0.008596307160807974,0.0026963537610956404,0,False,ca4516bbafb2845c528ec9f96e16e026d4582883c810917e29b83c5346a8f924,one-SE U-PDA,1,0.001
WBCIC,outcome,1,2,44,upda_r1_l20.001_one_se,0.75,0.775055437095962,0.04029377120241015,0.63,0.75,0.75,0.11270730337103205,0.01563651771242387,4,False,ca4516bbafb2845c528ec9f96e16e026d4582883c810917e29b83c5346a8f924,one-SE U-PDA,1,0.001
WBCIC,outcome,1,2,45,upda_r1_l20.001_one_se,0.0,0.2752105084067424,0.04937992027925762,0.8647342995169083,0.0,0.0,0.015320854585071271,0.006950300886774219,4,False,ca4516bbafb2845c528ec9f96e16e026d4582883c810917e29b83c5346a8f924,one-SE U-PDA,1,0.001
WBCIC,outcome,2,0,22,upda_r1_l20.001_one_se,0.25,0.6130079385307511,0.04366261259829899,0.6900805152979066,0.25,0.0,-0.006741770055420926,0.023423377984106094,2,False,dff46f1253ccaf8589e351cb8b00e7990edd1d11582e0749f79c2d5452d8e9db,one-SE U-PDA,1,0.001
WBCIC,outcome,2,0,25,upda_r1_l20.001_one_se,0.0,0.13644764562543665,0.0699497941013011,0.9547275641025641,0.0,0.0,0.0028804642587841166,0.007283371395056747,3,False,dff46f1253ccaf8589e351cb8b00e7990edd1d11582e0749f79c2d5452d8e9db,one-SE U-PDA,1,0.001
WBCIC,outcome,2,0,26,upda_r1_l20.001_one_se,0.0,0.2912032925953094,0.02514655870685463,0.8598453177257526,0.0,0.0,0.03453624296799009,0.0427012966805371,3,False,dff46f1253ccaf8589e351cb8b00e7990edd1d11582e0749f79c2d5452d8e9db,one-SE U-PDA,1,0.001
WBCIC,outcome,2,0,29,upda_r1_l20.001_one_se,0.75,0.9779501350035028,0.05490493302824326,0.5648701298701299,0.75,0.75,0.24217448404925282,0.032046422599034646,4,False,dff46f1253ccaf8589e351cb8b00e7990edd1d11582e0749f79c2d5452d8e9db,one-SE U-PDA,1,0.001
WBCIC,outcome,2,0,34,upda_r1_l20.001_one_se,0.75,0.9266761165756506,0.12971094196270952,0.49564102564102563,0.75,0.75,0.18043065610366668,0.10937242083167469,3,False,dff46f1253ccaf8589e351cb8b00e7990edd1d11582e0749f79c2d5452d8e9db,one-SE U-PDA,1,0.001
WBCIC,outcome,2,0,35,upda_r1_l20.001_one_se,0.0,0.08105220262802873,0.03841056701398444,0.9799839743589743,0.0,0.0,-0.01433684404743842,0.020065354001435685,3,False,dff46f1253ccaf8589e351cb8b00e7990edd1d11582e0749f79c2d5452d8e9db,one-SE U-PDA,1,0.001
WBCIC,outcome,2,0,49,upda_r1_l20.001_one_se,0.25,0.334938939722901,0.023758903943859485,0.8480425824175825,0.25,0.0,-0.03383042723222225,0.05654039209611315,2,False,dff46f1253ccaf8589e351cb8b00e7990edd1d11582e0749f79c2d5452d8e9db,one-SE U-PDA,1,0.001
WBCIC,outcome,2,0,9,upda_r1_l20.001_one_se,0.0,0.5709965092559066,0.09984555899268659,0.7006459804285892,0.0,0.0,-0.009584147122044098,0.017126334109163286,2,False,dff46f1253ccaf8589e351cb8b00e7990edd1d11582e0749f79c2d5452d8e9db,one-SE U-PDA,1,0.001
WBCIC,outcome,2,1,22,upda_r1_l20.001_one_se,0.25,0.6130079385307511,0.04366261259829899,0.6900805152979066,0.25,0.0,-0.006741770055420926,0.023423377984106094,2,False,dff46f1253ccaf8589e351cb8b00e7990edd1d11582e0749f79c2d5452d8e9db,one-SE U-PDA,1,0.001
WBCIC,outcome,2,1,25,upda_r1_l20.001_one_se,0.0,0.13644764562543665,0.0699497941013011,0.9547275641025641,0.0,0.0,0.0028804642587841166,0.007283371395056747,3,False,dff46f1253ccaf8589e351cb8b00e7990edd1d11582e0749f79c2d5452d8e9db,one-SE U-PDA,1,0.001
WBCIC,outcome,2,1,26,upda_r1_l20.001_one_se,0.0,0.2912032925953094,0.02514655870685463,0.8598453177257526,0.0,0.0,0.03453624296799009,0.0427012966805371,3,False,dff46f1253ccaf8589e351cb8b00e7990edd1d11582e0749f79c2d5452d8e9db,one-SE U-PDA,1,0.001
WBCIC,outcome,2,1,29,upda_r1_l20.001_one_se,0.75,0.9779501350035028,0.05490493302824326,0.5648701298701299,0.75,0.75,0.24217448404925282,0.032046422599034646,4,False,dff46f1253ccaf8589e351cb8b00e7990edd1d11582e0749f79c2d5452d8e9db,one-SE U-PDA,1,0.001
WBCIC,outcome,2,1,34,upda_r1_l20.001_one_se,0.75,0.9266761165756506,0.12971094196270952,0.49564102564102563,0.75,0.75,0.18043065610366668,0.10937242083167469,3,False,dff46f1253ccaf8589e351cb8b00e7990edd1d11582e0749f79c2d5452d8e9db,one-SE U-PDA,1,0.001
WBCIC,outcome,2,1,35,upda_r1_l20.001_one_se,0.0,0.08105220262802873,0.03841056701398444,0.9799839743589743,0.0,0.0,-0.01433684404743842,0.020065354001435685,3,False,dff46f1253ccaf8589e351cb8b00e7990edd1d11582e0749f79c2d5452d8e9db,one-SE U-PDA,1,0.001
WBCIC,outcome,2,1,49,upda_r1_l20.001_one_se,0.25,0.334938939722901,0.023758903943859485,0.8480425824175825,0.25,0.0,-0.03383042723222225,0.05654039209611315,2,False,dff46f1253ccaf8589e351cb8b00e7990edd1d11582e0749f79c2d5452d8e9db,one-SE U-PDA,1,0.001
WBCIC,outcome,2,1,9,upda_r1_l20.001_one_se,0.0,0.5709965092559066,0.09984555899268659,0.7006459804285892,0.0,0.0,-0.009584147122044098,0.017126334109163286,2,False,dff46f1253ccaf8589e351cb8b00e7990edd1d11582e0749f79c2d5452d8e9db,one-SE U-PDA,1,0.001
WBCIC,outcome,2,2,22,upda_r1_l20.001_one_se,0.25,0.6130079385307511,0.04366261259829899,0.6900805152979066,0.25,0.0,-0.006741770055420926,0.023423377984106094,2,False,dff46f1253ccaf8589e351cb8b00e7990edd1d11582e0749f79c2d5452d8e9db,one-SE U-PDA,1,0.001
WBCIC,outcome,2,2,25,upda_r1_l20.001_one_se,0.0,0.13644764562543665,0.0699497941013011,0.9547275641025641,0.0,0.0,0.0028804642587841166,0.007283371395056747,3,False,dff46f1253ccaf8589e351cb8b00e7990edd1d11582e0749f79c2d5452d8e9db,one-SE U-PDA,1,0.001
WBCIC,outcome,2,2,26,upda_r1_l20.001_one_se,0.0,0.2912032925953094,0.02514655870685463,0.8598453177257526,0.0,0.0,0.03453624296799009,0.0427012966805371,3,False,dff46f1253ccaf8589e351cb8b00e7990edd1d11582e0749f79c2d5452d8e9db,one-SE U-PDA,1,0.001
WBCIC,outcome,2,2,29,upda_r1_l20.001_one_se,0.75,0.9779501350035028,0.05490493302824326,0.5648701298701299,0.75,0.75,0.24217448404925282,0.032046422599034646,4,False,dff46f1253ccaf8589e351cb8b00e7990edd1d11582e0749f79c2d5452d8e9db,one-SE U-PDA,1,0.001
WBCIC,outcome,2,2,34,upda_r1_l20.001_one_se,0.75,0.9266761165756506,0.12971094196270952,0.49564102564102563,0.75,0.75,0.18043065610366668,0.10937242083167469,3,False,dff46f1253ccaf8589e351cb8b00e7990edd1d11582e0749f79c2d5452d8e9db,one-SE U-PDA,1,0.001
WBCIC,outcome,2,2,35,upda_r1_l20.001_one_se,0.0,0.08105220262802873,0.03841056701398444,0.9799839743589743,0.0,0.0,-0.01433684404743842,0.020065354001435685,3,False,dff46f1253ccaf8589e351cb8b00e7990edd1d11582e0749f79c2d5452d8e9db,one-SE U-PDA,1,0.001
WBCIC,outcome,2,2,49,upda_r1_l20.001_one_se,0.25,0.334938939722901,0.023758903943859485,0.8480425824175825,0.25,0.0,-0.03383042723222225,0.05654039209611315,2,False,dff46f1253ccaf8589e351cb8b00e7990edd1d11582e0749f79c2d5452d8e9db,one-SE U-PDA,1,0.001
WBCIC,outcome,2,2,9,upda_r1_l20.001_one_se,0.0,0.5709965092559066,0.09984555899268659,0.7006459804285892,0.0,0.0,-0.009584147122044098,0.017126334109163286,2,False,dff46f1253ccaf8589e351cb8b00e7990edd1d11582e0749f79c2d5452d8e9db,one-SE U-PDA,1,0.001
WBCIC,outcome,3,0,23,upda_r1_l20.001_one_se,0.0,0.263808983273449,0.04305734339539348,0.8828365384615384,0.0,0.0,0.007756361995409196,0.00802376855289536,3,False,d31bb4d7e0293e33d3400cd481c667c2cd6ca9e890498dac626c1c26c55e2d20,one-SE U-PDA,1,0.001
WBCIC,outcome,3,0,24,upda_r1_l20.001_one_se,0.0,0.10582336012816188,0.024024873618759587,0.9529043782304651,0.0,0.0,-0.01213404191208689,0.0032255647188865126,0,False,d31bb4d7e0293e33d3400cd481c667c2cd6ca9e890498dac626c1c26c55e2d20,one-SE U-PDA,1,0.001
WBCIC,outcome,3,0,30,upda_r1_l20.001_one_se,0.25,0.1990023740398835,0.01603343940121073,0.914044289044289,0.25,0.25,0.03694194542258095,0.030011786027840704,3,False,d31bb4d7e0293e33d3400cd481c667c2cd6ca9e890498dac626c1c26c55e2d20,one-SE U-PDA,1,0.001
WBCIC,outcome,3,0,31,upda_r1_l20.001_one_se,0.0,0.511131511152983,0.07245790299525658,0.7952835087617697,0.0,0.0,0.01243198656729233,0.022557184187250834,3,False,d31bb4d7e0293e33d3400cd481c667c2cd6ca9e890498dac626c1c26c55e2d20,one-SE U-PDA,1,0.001
WBCIC,outcome,3,0,38,upda_r1_l20.001_one_se,1.0,1.050577047252104,0.10705651910681417,0.4953709123002602,1.0,1.0,0.3290324933740305,0.10200320063519602,4,False,d31bb4d7e0293e33d3400cd481c667c2cd6ca9e890498dac626c1c26c55e2d20,one-SE U-PDA,1,0.001
WBCIC,outcome,3,0,41,upda_r1_l20.001_one_se,0.0,0.42464140571326614,0.22663673986318852,0.830424331103679,0.0,0.0,0.04322164515916098,0.07376296013169997,2,False,d31bb4d7e0293e33d3400cd481c667c2cd6ca9e890498dac626c1c26c55e2d20,one-SE U-PDA,1,0.001
WBCIC,outcome,3,0,42,upda_r1_l20.001_one_se,0.0,0.36481908818809244,0.056211574867097026,0.8320032051282051,0.0,0.0,-0.004232053373463371,0.01346282821987622,2,False,d31bb4d7e0293e33d3400cd481c667c2cd6ca9e890498dac626c1c26c55e2d20,one-SE U-PDA,1,0.001
WBCIC,outcome,3,0,6,upda_r1_l20.001_one_se,0.0,0.12995064025542669,0.04462407556501318,0.9457881983153722,0.0,0.0,-0.019443869722920157,0.009748778038363643,1,False,d31bb4d7e0293e33d3400cd481c667c2cd6ca9e890498dac626c1c26c55e2d20,one-SE U-PDA,1,0.001
WBCIC,outcome,3,1,23,upda_r1_l20.001_one_se,0.0,0.263808983273449,0.04305734339539348,0.8828365384615384,0.0,0.0,0.007756361995409196,0.00802376855289536,3,False,d31bb4d7e0293e33d3400cd481c667c2cd6ca9e890498dac626c1c26c55e2d20,one-SE U-PDA,1,0.001
WBCIC,outcome,3,1,24,upda_r1_l20.001_one_se,0.0,0.10582336012816188,0.024024873618759587,0.9529043782304651,0.0,0.0,-0.01213404191208689,0.0032255647188865126,0,False,d31bb4d7e0293e33d3400cd481c667c2cd6ca9e890498dac626c1c26c55e2d20,one-SE U-PDA,1,0.001
WBCIC,outcome,3,1,30,upda_r1_l20.001_one_se,0.25,0.1990023740398835,0.01603343940121073,0.914044289044289,0.25,0.25,0.03694194542258095,0.030011786027840704,3,False,d31bb4d7e0293e33d3400cd481c667c2cd6ca9e890498dac626c1c26c55e2d20,one-SE U-PDA,1,0.001
WBCIC,outcome,3,1,31,upda_r1_l20.001_one_se,0.0,0.511131511152983,0.07245790299525658,0.7952835087617697,0.0,0.0,0.01243198656729233,0.022557184187250834,3,False,d31bb4d7e0293e33d3400cd481c667c2cd6ca9e890498dac626c1c26c55e2d20,one-SE U-PDA,1,0.001
WBCIC,outcome,3,1,38,upda_r1_l20.001_one_se,1.0,1.050577047252104,0.10705651910681417,0.4953709123002602,1.0,1.0,0.3290324933740305,0.10200320063519602,4,False,d31bb4d7e0293e33d3400cd481c667c2cd6ca9e890498dac626c1c26c55e2d20,one-SE U-PDA,1,0.001
WBCIC,outcome,3,1,41,upda_r1_l20.001_one_se,0.0,0.42464140571326614,0.22663673986318852,0.830424331103679,0.0,0.0,0.04322164515916098,0.07376296013169997,2,False,d31bb4d7e0293e33d3400cd481c667c2cd6ca9e890498dac626c1c26c55e2d20,one-SE U-PDA,1,0.001
WBCIC,outcome,3,1,42,upda_r1_l20.001_one_se,0.0,0.36481908818809244,0.056211574867097026,0.8320032051282051,0.0,0.0,-0.004232053373463371,0.01346282821987622,2,False,d31bb4d7e0293e33d3400cd481c667c2cd6ca9e890498dac626c1c26c55e2d20,one-SE U-PDA,1,0.001
WBCIC,outcome,3,1,6,upda_r1_l20.001_one_se,0.0,0.12995064025542669,0.04462407556501318,0.9457881983153722,0.0,0.0,-0.019443869722920157,0.009748778038363643,1,False,d31bb4d7e0293e33d3400cd481c667c2cd6ca9e890498dac626c1c26c55e2d20,one-SE U-PDA,1,0.001
WBCIC,outcome,3,2,23,upda_r1_l20.001_one_se,0.0,0.263808983273449,0.04305734339539348,0.8828365384615384,0.0,0.0,0.007756361995409196,0.00802376855289536,3,False,d31bb4d7e0293e33d3400cd481c667c2cd6ca9e890498dac626c1c26c55e2d20,one-SE U-PDA,1,0.001
WBCIC,outcome,3,2,24,upda_r1_l20.001_one_se,0.0,0.10582336012816188,0.024024873618759587,0.9529043782304651,0.0,0.0,-0.01213404191208689,0.0032255647188865126,0,False,d31bb4d7e0293e33d3400cd481c667c2cd6ca9e890498dac626c1c26c55e2d20,one-SE U-PDA,1,0.001
WBCIC,outcome,3,2,30,upda_r1_l20.001_one_se,0.25,0.1990023740398835,0.01603343940121073,0.914044289044289,0.25,0.25,0.03694194542258095,0.030011786027840704,3,False,d31bb4d7e0293e33d3400cd481c667c2cd6ca9e890498dac626c1c26c55e2d20,one-SE U-PDA,1,0.001
WBCIC,outcome,3,2,31,upda_r1_l20.001_one_se,0.0,0.511131511152983,0.07245790299525658,0.7952835087617697,0.0,0.0,0.01243198656729233,0.022557184187250834,3,False,d31bb4d7e0293e33d3400cd481c667c2cd6ca9e890498dac626c1c26c55e2d20,one-SE U-PDA,1,0.001
WBCIC,outcome,3,2,38,upda_r1_l20.001_one_se,1.0,1.050577047252104,0.10705651910681417,0.4953709123002602,1.0,1.0,0.3290324933740305,0.10200320063519602,4,False,d31bb4d7e0293e33d3400cd481c667c2cd6ca9e890498dac626c1c26c55e2d20,one-SE U-PDA,1,0.001
WBCIC,outcome,3,2,41,upda_r1_l20.001_one_se,0.0,0.42464140571326614,0.22663673986318852,0.830424331103679,0.0,0.0,0.04322164515916098,0.07376296013169997,2,False,d31bb4d7e0293e33d3400cd481c667c2cd6ca9e890498dac626c1c26c55e2d20,one-SE U-PDA,1,0.001
WBCIC,outcome,3,2,42,upda_r1_l20.001_one_se,0.0,0.36481908818809244,0.056211574867097026,0.8320032051282051,0.0,0.0,-0.004232053373463371,0.01346282821987622,2,False,d31bb4d7e0293e33d3400cd481c667c2cd6ca9e890498dac626c1c26c55e2d20,one-SE U-PDA,1,0.001
WBCIC,outcome,3,2,6,upda_r1_l20.001_one_se,0.0,0.12995064025542669,0.04462407556501318,0.9457881983153722,0.0,0.0,-0.019443869722920157,0.009748778038363643,1,False,d31bb4d7e0293e33d3400cd481c667c2cd6ca9e890498dac626c1c26c55e2d20,one-SE U-PDA,1,0.001
WBCIC,outcome,4,0,12,upda_r1_l20.001_one_se,0.75,0.8322188655989199,0.06095277386208161,0.5531633221850613,0.75,0.75,0.11978753136622602,0.0616600751935447,3,False,bde989226d7727fb3bde4abe5eabfe33e0aa6299bedabb142d4c8d62d54f453b,one-SE U-PDA,1,0.001
WBCIC,outcome,4,0,14,upda_r1_l20.001_one_se,0.25,0.6813532055113842,0.02816464421041372,0.595100777845343,0.25,0.25,0.03424105176074693,0.02760380654005708,3,False,bde989226d7727fb3bde4abe5eabfe33e0aa6299bedabb142d4c8d62d54f453b,one-SE U-PDA,1,0.001
WBCIC,outcome,4,0,17,upda_r1_l20.001_one_se,0.0,0.5037861490379775,0.04648326584316355,0.7033925585284282,0.0,0.0,-0.0070084085489165865,0.010247397485652125,2,False,bde989226d7727fb3bde4abe5eabfe33e0aa6299bedabb142d4c8d62d54f453b,one-SE U-PDA,1,0.001
WBCIC,outcome,4,0,32,upda_r1_l20.001_one_se,0.5,0.6067575225895467,0.020733182789698903,0.6625536030061892,0.5,0.5,0.03346549191770898,0.01007316909317545,4,False,bde989226d7727fb3bde4abe5eabfe33e0aa6299bedabb142d4c8d62d54f453b,one-SE U-PDA,1,0.001
WBCIC,outcome,4,0,47,upda_r1_l20.001_one_se,0.0,0.28823564564846227,0.030959511594193734,0.8752884615384615,0.0,0.0,-0.011210962426756864,0.0074656968158080894,1,False,bde989226d7727fb3bde4abe5eabfe33e0aa6299bedabb142d4c8d62d54f453b,one-SE U-PDA,1,0.001
WBCIC,outcome,4,0,48,upda_r1_l20.001_one_se,0.0,0.25380336784712887,0.0028555155164298614,0.8976221141982011,0.0,0.0,-0.006974043714486927,0.0032925965882146706,1,False,bde989226d7727fb3bde4abe5eabfe33e0aa6299bedabb142d4c8d62d54f453b,one-SE U-PDA,1,0.001
WBCIC,outcome,4,0,50,upda_r1_l20.001_one_se,0.0,0.15969827885122484,0.04674287847432005,0.9200483091787439,0.0,0.0,-0.00802626834384719,0.027626924012320492,2,False,bde989226d7727fb3bde4abe5eabfe33e0aa6299bedabb142d4c8d62d54f453b,one-SE U-PDA,1,0.001
WBCIC,outcome,4,0,7,upda_r1_l20.001_one_se,0.0,0.34430613192549625,0.045509928284707866,0.831810140342749,0.0,0.0,-0.011602396584438894,0.009045045858738214,1,False,bde989226d7727fb3bde4abe5eabfe33e0aa6299bedabb142d4c8d62d54f453b,one-SE U-PDA,1,0.001
WBCIC,outcome,4,1,12,upda_r1_l20.001_one_se,0.75,0.8322188655989199,0.06095277386208161,0.5531633221850613,0.75,0.75,0.11978753136622602,0.0616600751935447,3,False,bde989226d7727fb3bde4abe5eabfe33e0aa6299bedabb142d4c8d62d54f453b,one-SE U-PDA,1,0.001
WBCIC,outcome,4,1,14,upda_r1_l20.001_one_se,0.25,0.6813532055113842,0.02816464421041372,0.595100777845343,0.25,0.25,0.03424105176074693,0.02760380654005708,3,False,bde989226d7727fb3bde4abe5eabfe33e0aa6299bedabb142d4c8d62d54f453b,one-SE U-PDA,1,0.001
WBCIC,outcome,4,1,17,upda_r1_l20.001_one_se,0.0,0.5037861490379775,0.04648326584316355,0.7033925585284282,0.0,0.0,-0.0070084085489165865,0.010247397485652125,2,False,bde989226d7727fb3bde4abe5eabfe33e0aa6299bedabb142d4c8d62d54f453b,one-SE U-PDA,1,0.001
WBCIC,outcome,4,1,32,upda_r1_l20.001_one_se,0.5,0.6067575225895467,0.020733182789698903,0.6625536030061892,0.5,0.5,0.03346549191770898,0.01007316909317545,4,False,bde989226d7727fb3bde4abe5eabfe33e0aa6299bedabb142d4c8d62d54f453b,one-SE U-PDA,1,0.001
WBCIC,outcome,4,1,47,upda_r1_l20.001_one_se,0.0,0.28823564564846227,0.030959511594193734,0.8752884615384615,0.0,0.0,-0.011210962426756864,0.0074656968158080894,1,False,bde989226d7727fb3bde4abe5eabfe33e0aa6299bedabb142d4c8d62d54f453b,one-SE U-PDA,1,0.001
WBCIC,outcome,4,1,48,upda_r1_l20.001_one_se,0.0,0.25380336784712887,0.0028555155164298614,0.8976221141982011,0.0,0.0,-0.006974043714486927,0.0032925965882146706,1,False,bde989226d7727fb3bde4abe5eabfe33e0aa6299bedabb142d4c8d62d54f453b,one-SE U-PDA,1,0.001
WBCIC,outcome,4,1,50,upda_r1_l20.001_one_se,0.0,0.15969827885122484,0.04674287847432005,0.9200483091787439,0.0,0.0,-0.00802626834384719,0.027626924012320492,2,False,bde989226d7727fb3bde4abe5eabfe33e0aa6299bedabb142d4c8d62d54f453b,one-SE U-PDA,1,0.001
WBCIC,outcome,4,1,7,upda_r1_l20.001_one_se,0.0,0.34430613192549625,0.045509928284707866,0.831810140342749,0.0,0.0,-0.011602396584438894,0.009045045858738214,1,False,bde989226d7727fb3bde4abe5eabfe33e0aa6299bedabb142d4c8d62d54f453b,one-SE U-PDA,1,0.001
WBCIC,outcome,4,2,12,upda_r1_l20.001_one_se,0.75,0.8322188655989199,0.06095277386208161,0.5531633221850613,0.75,0.75,0.11978753136622602,0.0616600751935447,3,False,bde989226d7727fb3bde4abe5eabfe33e0aa6299bedabb142d4c8d62d54f453b,one-SE U-PDA,1,0.001
WBCIC,outcome,4,2,14,upda_r1_l20.001_one_se,0.25,0.6813532055113842,0.02816464421041372,0.595100777845343,0.25,0.25,0.03424105176074693,0.02760380654005708,3,False,bde989226d7727fb3bde4abe5eabfe33e0aa6299bedabb142d4c8d62d54f453b,one-SE U-PDA,1,0.001
WBCIC,outcome,4,2,17,upda_r1_l20.001_one_se,0.0,0.5037861490379775,0.04648326584316355,0.7033925585284282,0.0,0.0,-0.0070084085489165865,0.010247397485652125,2,False,bde989226d7727fb3bde4abe5eabfe33e0aa6299bedabb142d4c8d62d54f453b,one-SE U-PDA,1,0.001
WBCIC,outcome,4,2,32,upda_r1_l20.001_one_se,0.5,0.6067575225895467,0.020733182789698903,0.6625536030061892,0.5,0.5,0.03346549191770898,0.01007316909317545,4,False,bde989226d7727fb3bde4abe5eabfe33e0aa6299bedabb142d4c8d62d54f453b,one-SE U-PDA,1,0.001
WBCIC,outcome,4,2,47,upda_r1_l20.001_one_se,0.0,0.28823564564846227,0.030959511594193734,0.8752884615384615,0.0,0.0,-0.011210962426756864,0.0074656968158080894,1,False,bde989226d7727fb3bde4abe5eabfe33e0aa6299bedabb142d4c8d62d54f453b,one-SE U-PDA,1,0.001
WBCIC,outcome,4,2,48,upda_r1_l20.001_one_se,0.0,0.25380336784712887,0.0028555155164298614,0.8976221141982011,0.0,0.0,-0.006974043714486927,0.0032925965882146706,1,False,bde989226d7727fb3bde4abe5eabfe33e0aa6299bedabb142d4c8d62d54f453b,one-SE U-PDA,1,0.001
WBCIC,outcome,4,2,50,upda_r1_l20.001_one_se,0.0,0.15969827885122484,0.04674287847432005,0.9200483091787439,0.0,0.0,-0.00802626834384719,0.027626924012320492,2,False,bde989226d7727fb3bde4abe5eabfe33e0aa6299bedabb142d4c8d62d54f453b,one-SE U-PDA,1,0.001
WBCIC,outcome,4,2,7,upda_r1_l20.001_one_se,0.0,0.34430613192549625,0.045509928284707866,0.831810140342749,0.0,0.0,-0.011602396584438894,0.009045045858738214,1,False,bde989226d7727fb3bde4abe5eabfe33e0aa6299bedabb142d4c8d62d54f453b,one-SE U-PDA,1,0.001
