dataset,seed,action,config_id,inner_fold,n_subjects,heldout_mean_safe_gain,heldout_harm_rate
hmc,0,official_t3a,official_t3a-06d8b003eb93,0,9,0.0,0.0
hmc,0,official_t3a,official_t3a-06d8b003eb93,1,12,0.0,0.0
hmc,0,official_t3a,official_t3a-06d8b003eb93,2,14,0.0,0.0
hmc,0,official_t3a,official_t3a-0ad43336d54d,0,9,0.0,0.0
hmc,0,official_t3a,official_t3a-0ad43336d54d,1,12,0.0,0.0
hmc,0,official_t3a,official_t3a-0ad43336d54d,2,14,0.0,0.0
hmc,0,official_t3a,official_t3a-0e621b80ffab,0,9,0.0,0.0
hmc,0,official_t3a,official_t3a-0e621b80ffab,1,12,0.0,0.0
hmc,0,official_t3a,official_t3a-0e621b80ffab,2,14,0.0,0.0
hmc,0,official_t3a,official_t3a-13d4c0513513,0,9,0.0,0.0
hmc,0,official_t3a,official_t3a-13d4c0513513,1,12,0.0,0.0
hmc,0,official_t3a,official_t3a-13d4c0513513,2,14,0.0,0.0
hmc,0,robust_residual_adapter,robust_residual_adapter-0fc0ca7c17b4,0,9,0.0041666666666667,0.0
hmc,0,robust_residual_adapter,robust_residual_adapter-0fc0ca7c17b4,1,12,0.0019097222222222,0.0833333333333333
hmc,0,robust_residual_adapter,robust_residual_adapter-0fc0ca7c17b4,2,14,-0.012797619047619,0.0
hmc,0,robust_residual_adapter,robust_residual_adapter-346f250d78e3,0,9,-0.0016203703703703,0.0
hmc,0,robust_residual_adapter,robust_residual_adapter-346f250d78e3,1,12,-0.0026041666666666,0.0
hmc,0,robust_residual_adapter,robust_residual_adapter-346f250d78e3,2,14,-0.0013392857142856,0.0
hmc,0,robust_residual_adapter,robust_residual_adapter-c57fb28bc115,0,9,0.0043981481481481,0.0
hmc,0,robust_residual_adapter,robust_residual_adapter-c57fb28bc115,1,12,0.0019097222222222,0.0833333333333333
hmc,0,robust_residual_adapter,robust_residual_adapter-c57fb28bc115,2,14,-0.012797619047619,0.0
hmc,0,robust_residual_adapter,robust_residual_adapter-eb848adad861,0,9,0.0043981481481481,0.0
hmc,0,robust_residual_adapter,robust_residual_adapter-eb848adad861,1,12,0.0019097222222222,0.0833333333333333
hmc,0,robust_residual_adapter,robust_residual_adapter-eb848adad861,2,14,-0.012797619047619,0.0
hmc,1,official_t3a,official_t3a-06d8b003eb93,0,13,0.0,0.0
hmc,1,official_t3a,official_t3a-06d8b003eb93,1,15,0.0,0.0
hmc,1,official_t3a,official_t3a-06d8b003eb93,2,7,0.0,0.0
hmc,1,official_t3a,official_t3a-0ad43336d54d,0,13,0.0,0.0
hmc,1,official_t3a,official_t3a-0ad43336d54d,1,15,0.0,0.0
hmc,1,official_t3a,official_t3a-0ad43336d54d,2,7,0.0,0.0
hmc,1,official_t3a,official_t3a-0e621b80ffab,0,13,0.0,0.0
hmc,1,official_t3a,official_t3a-0e621b80ffab,1,15,0.0,0.0
hmc,1,official_t3a,official_t3a-0e621b80ffab,2,7,0.0,0.0
hmc,1,official_t3a,official_t3a-13d4c0513513,0,13,0.0,0.0
hmc,1,official_t3a,official_t3a-13d4c0513513,1,15,0.0,0.0
hmc,1,official_t3a,official_t3a-13d4c0513513,2,7,0.0,0.0
hmc,1,robust_residual_adapter,robust_residual_adapter-18e58b1e3304,0,13,-0.0155448717948717,0.1538461538461538
hmc,1,robust_residual_adapter,robust_residual_adapter-18e58b1e3304,1,15,0.0040277777777777,0.0666666666666666
hmc,1,robust_residual_adapter,robust_residual_adapter-18e58b1e3304,2,7,0.0029761904761904,0.2857142857142857
hmc,1,robust_residual_adapter,robust_residual_adapter-49954ec03dfe,0,13,-0.0155448717948717,0.1538461538461538
hmc,1,robust_residual_adapter,robust_residual_adapter-49954ec03dfe,1,15,0.0040277777777777,0.0666666666666666
hmc,1,robust_residual_adapter,robust_residual_adapter-49954ec03dfe,2,7,0.0029761904761904,0.2857142857142857
hmc,1,robust_residual_adapter,robust_residual_adapter-81635b9b8859,0,13,-0.0155448717948717,0.1538461538461538
hmc,1,robust_residual_adapter,robust_residual_adapter-81635b9b8859,1,15,0.0040277777777777,0.0666666666666666
hmc,1,robust_residual_adapter,robust_residual_adapter-81635b9b8859,2,7,0.0029761904761904,0.2857142857142857
hmc,1,robust_residual_adapter,robust_residual_adapter-e7baf271ea28,0,13,-0.0221153846153846,0.1538461538461538
hmc,1,robust_residual_adapter,robust_residual_adapter-e7baf271ea28,1,15,0.0072222222222221,0.0
hmc,1,robust_residual_adapter,robust_residual_adapter-e7baf271ea28,2,7,0.0023809523809523,0.2857142857142857
hmc,2,official_t3a,official_t3a-06d8b003eb93,0,11,0.0,0.0
hmc,2,official_t3a,official_t3a-06d8b003eb93,1,13,0.0,0.0
hmc,2,official_t3a,official_t3a-06d8b003eb93,2,11,0.0,0.0
hmc,2,official_t3a,official_t3a-0ad43336d54d,0,11,0.0,0.0
hmc,2,official_t3a,official_t3a-0ad43336d54d,1,13,0.0,0.0
hmc,2,official_t3a,official_t3a-0ad43336d54d,2,11,0.0,0.0
hmc,2,official_t3a,official_t3a-0e621b80ffab,0,11,0.0,0.0
hmc,2,official_t3a,official_t3a-0e621b80ffab,1,13,0.0,0.0
hmc,2,official_t3a,official_t3a-0e621b80ffab,2,11,0.0,0.0
hmc,2,official_t3a,official_t3a-13d4c0513513,0,11,0.0,0.0
hmc,2,official_t3a,official_t3a-13d4c0513513,1,13,0.0,0.0
hmc,2,official_t3a,official_t3a-13d4c0513513,2,11,0.0,0.0
hmc,2,robust_residual_adapter,robust_residual_adapter-0fc0ca7c17b4,0,11,-0.0147727272727272,0.0909090909090909
hmc,2,robust_residual_adapter,robust_residual_adapter-0fc0ca7c17b4,1,13,0.0057692307692307,0.0769230769230769
hmc,2,robust_residual_adapter,robust_residual_adapter-0fc0ca7c17b4,2,11,-0.0005681818181818,0.0
hmc,2,robust_residual_adapter,robust_residual_adapter-18e58b1e3304,0,11,-0.0147727272727273,0.0909090909090909
hmc,2,robust_residual_adapter,robust_residual_adapter-18e58b1e3304,1,13,0.0030448717948718,0.0
hmc,2,robust_residual_adapter,robust_residual_adapter-18e58b1e3304,2,11,0.0003787878787878,0.0
hmc,2,robust_residual_adapter,robust_residual_adapter-49954ec03dfe,0,11,-0.0147727272727273,0.0909090909090909
hmc,2,robust_residual_adapter,robust_residual_adapter-49954ec03dfe,1,13,0.0028846153846154,0.0
hmc,2,robust_residual_adapter,robust_residual_adapter-49954ec03dfe,2,11,0.0005681818181817,0.0
hmc,2,robust_residual_adapter,robust_residual_adapter-81635b9b8859,0,11,-0.0147727272727273,0.0909090909090909
hmc,2,robust_residual_adapter,robust_residual_adapter-81635b9b8859,1,13,0.0030448717948718,0.0
hmc,2,robust_residual_adapter,robust_residual_adapter-81635b9b8859,2,11,0.0003787878787878,0.0
hmc,3,official_t3a,official_t3a-06d8b003eb93,0,9,0.0,0.0
hmc,3,official_t3a,official_t3a-06d8b003eb93,1,14,0.0,0.0
hmc,3,official_t3a,official_t3a-06d8b003eb93,2,12,0.0,0.0
hmc,3,official_t3a,official_t3a-0ad43336d54d,0,9,0.0,0.0
hmc,3,official_t3a,official_t3a-0ad43336d54d,1,14,0.0,0.0
hmc,3,official_t3a,official_t3a-0ad43336d54d,2,12,0.0,0.0
hmc,3,official_t3a,official_t3a-0e621b80ffab,0,9,0.0,0.0
hmc,3,official_t3a,official_t3a-0e621b80ffab,1,14,0.0,0.0
hmc,3,official_t3a,official_t3a-0e621b80ffab,2,12,0.0,0.0
hmc,3,official_t3a,official_t3a-13d4c0513513,0,9,0.0,0.0
hmc,3,official_t3a,official_t3a-13d4c0513513,1,14,0.0,0.0
hmc,3,official_t3a,official_t3a-13d4c0513513,2,12,0.0,0.0
hmc,3,robust_residual_adapter,robust_residual_adapter-346f250d78e3,0,9,0.0106481481481481,0.0
hmc,3,robust_residual_adapter,robust_residual_adapter-346f250d78e3,1,14,-0.0052083333333333,0.0
hmc,3,robust_residual_adapter,robust_residual_adapter-346f250d78e3,2,12,-0.0048611111111111,0.0833333333333333
hmc,3,robust_residual_adapter,robust_residual_adapter-4ee38e8f497d,0,9,0.0104166666666666,0.0
hmc,3,robust_residual_adapter,robust_residual_adapter-4ee38e8f497d,1,14,-0.0055059523809523,0.0
hmc,3,robust_residual_adapter,robust_residual_adapter-4ee38e8f497d,2,12,-0.0046875,0.0833333333333333
hmc,3,robust_residual_adapter,robust_residual_adapter-6e54d31acf02,0,9,0.0106481481481481,0.0
hmc,3,robust_residual_adapter,robust_residual_adapter-6e54d31acf02,1,14,-0.0052083333333333,0.0
hmc,3,robust_residual_adapter,robust_residual_adapter-6e54d31acf02,2,12,-0.0048611111111111,0.0833333333333333
hmc,3,robust_residual_adapter,robust_residual_adapter-808e998f02ef,0,9,0.0106481481481481,0.0
hmc,3,robust_residual_adapter,robust_residual_adapter-808e998f02ef,1,14,-0.0052083333333333,0.0
hmc,3,robust_residual_adapter,robust_residual_adapter-808e998f02ef,2,12,-0.0048611111111111,0.0833333333333333
hmc,4,official_t3a,official_t3a-06d8b003eb93,0,8,0.0,0.0
hmc,4,official_t3a,official_t3a-06d8b003eb93,1,12,0.0,0.0
hmc,4,official_t3a,official_t3a-06d8b003eb93,2,15,0.0,0.0
hmc,4,official_t3a,official_t3a-0ad43336d54d,0,8,0.0,0.0
hmc,4,official_t3a,official_t3a-0ad43336d54d,1,12,0.0,0.0
hmc,4,official_t3a,official_t3a-0ad43336d54d,2,15,0.0,0.0
hmc,4,official_t3a,official_t3a-0e621b80ffab,0,8,0.0,0.0
hmc,4,official_t3a,official_t3a-0e621b80ffab,1,12,0.0,0.0
hmc,4,official_t3a,official_t3a-0e621b80ffab,2,15,0.0,0.0
hmc,4,official_t3a,official_t3a-13d4c0513513,0,8,0.0,0.0
hmc,4,official_t3a,official_t3a-13d4c0513513,1,12,0.0,0.0
hmc,4,official_t3a,official_t3a-13d4c0513513,2,15,0.0,0.0
hmc,4,robust_residual_adapter,robust_residual_adapter-1031190f5df8,0,8,0.0002604166666666,0.0
hmc,4,robust_residual_adapter,robust_residual_adapter-1031190f5df8,1,12,0.0,0.0
hmc,4,robust_residual_adapter,robust_residual_adapter-1031190f5df8,2,15,0.0005555555555555,0.0
hmc,4,robust_residual_adapter,robust_residual_adapter-1cb202cc9d25,0,8,0.0002604166666666,0.0
hmc,4,robust_residual_adapter,robust_residual_adapter-1cb202cc9d25,1,12,0.0,0.0
hmc,4,robust_residual_adapter,robust_residual_adapter-1cb202cc9d25,2,15,0.0006944444444444,0.0
hmc,4,robust_residual_adapter,robust_residual_adapter-211892d39d6a,0,8,0.0002604166666666,0.0
hmc,4,robust_residual_adapter,robust_residual_adapter-211892d39d6a,1,12,0.0,0.0
hmc,4,robust_residual_adapter,robust_residual_adapter-211892d39d6a,2,15,0.0005555555555555,0.0
hmc,4,robust_residual_adapter,robust_residual_adapter-2c51a511fc83,0,8,0.0002604166666666,0.0
hmc,4,robust_residual_adapter,robust_residual_adapter-2c51a511fc83,1,12,0.0,0.0
hmc,4,robust_residual_adapter,robust_residual_adapter-2c51a511fc83,2,15,0.0006944444444444,0.0
eegmmidb,0,official_t3a,official_t3a-06d8b003eb93,0,12,0.0,0.0
eegmmidb,0,official_t3a,official_t3a-06d8b003eb93,1,12,0.0,0.0
eegmmidb,0,official_t3a,official_t3a-06d8b003eb93,2,6,0.0,0.0
eegmmidb,0,official_t3a,official_t3a-0ad43336d54d,0,12,0.0,0.0
eegmmidb,0,official_t3a,official_t3a-0ad43336d54d,1,12,0.0,0.0
eegmmidb,0,official_t3a,official_t3a-0ad43336d54d,2,6,0.0,0.0
eegmmidb,0,official_t3a,official_t3a-0e621b80ffab,0,12,0.0,0.0
eegmmidb,0,official_t3a,official_t3a-0e621b80ffab,1,12,0.0,0.0
eegmmidb,0,official_t3a,official_t3a-0e621b80ffab,2,6,0.0,0.0
eegmmidb,0,official_t3a,official_t3a-13d4c0513513,0,12,0.0,0.0
eegmmidb,0,official_t3a,official_t3a-13d4c0513513,1,12,0.0,0.0
eegmmidb,0,official_t3a,official_t3a-13d4c0513513,2,6,0.0,0.0
eegmmidb,0,robust_residual_adapter,robust_residual_adapter-23484698f18c,0,12,0.0076388888888888,0.0833333333333333
eegmmidb,0,robust_residual_adapter,robust_residual_adapter-23484698f18c,1,12,-0.0180555555555555,0.0833333333333333
eegmmidb,0,robust_residual_adapter,robust_residual_adapter-23484698f18c,2,6,0.0013888888888888,0.0
eegmmidb,0,robust_residual_adapter,robust_residual_adapter-346f250d78e3,0,12,0.0083333333333333,0.0833333333333333
eegmmidb,0,robust_residual_adapter,robust_residual_adapter-346f250d78e3,1,12,-0.0187499999999999,0.1666666666666666
eegmmidb,0,robust_residual_adapter,robust_residual_adapter-346f250d78e3,2,6,0.0055555555555555,0.0
eegmmidb,0,robust_residual_adapter,robust_residual_adapter-6e54d31acf02,0,12,0.0083333333333333,0.0833333333333333
eegmmidb,0,robust_residual_adapter,robust_residual_adapter-6e54d31acf02,1,12,-0.0187499999999999,0.1666666666666666
eegmmidb,0,robust_residual_adapter,robust_residual_adapter-6e54d31acf02,2,6,0.0055555555555555,0.0
eegmmidb,0,robust_residual_adapter,robust_residual_adapter-808e998f02ef,0,12,0.0083333333333333,0.0833333333333333
eegmmidb,0,robust_residual_adapter,robust_residual_adapter-808e998f02ef,1,12,-0.0187499999999999,0.1666666666666666
eegmmidb,0,robust_residual_adapter,robust_residual_adapter-808e998f02ef,2,6,0.0055555555555555,0.0
eegmmidb,1,official_t3a,official_t3a-06d8b003eb93,0,12,0.0,0.0
eegmmidb,1,official_t3a,official_t3a-06d8b003eb93,1,10,0.0,0.0
eegmmidb,1,official_t3a,official_t3a-06d8b003eb93,2,8,0.0,0.0
eegmmidb,1,official_t3a,official_t3a-0ad43336d54d,0,12,0.0,0.0
eegmmidb,1,official_t3a,official_t3a-0ad43336d54d,1,10,0.0,0.0
eegmmidb,1,official_t3a,official_t3a-0ad43336d54d,2,8,0.0,0.0
eegmmidb,1,official_t3a,official_t3a-0e621b80ffab,0,12,0.0,0.0
eegmmidb,1,official_t3a,official_t3a-0e621b80ffab,1,10,0.0,0.0
eegmmidb,1,official_t3a,official_t3a-0e621b80ffab,2,8,0.0,0.0
eegmmidb,1,official_t3a,official_t3a-13d4c0513513,0,12,0.0,0.0
eegmmidb,1,official_t3a,official_t3a-13d4c0513513,1,10,0.0,0.0
eegmmidb,1,official_t3a,official_t3a-13d4c0513513,2,8,0.0,0.0
eegmmidb,1,robust_residual_adapter,robust_residual_adapter-23484698f18c,0,12,0.0042032163742689,0.0833333333333333
eegmmidb,1,robust_residual_adapter,robust_residual_adapter-23484698f18c,1,10,-0.01,0.3
eegmmidb,1,robust_residual_adapter,robust_residual_adapter-23484698f18c,2,8,0.0124999999999999,0.125
eegmmidb,1,robust_residual_adapter,robust_residual_adapter-346f250d78e3,0,12,0.0055921052631578,0.1666666666666666
eegmmidb,1,robust_residual_adapter,robust_residual_adapter-346f250d78e3,1,10,-0.0083333333333333,0.3
eegmmidb,1,robust_residual_adapter,robust_residual_adapter-346f250d78e3,2,8,0.0166666666666666,0.25
eegmmidb,1,robust_residual_adapter,robust_residual_adapter-6e54d31acf02,0,12,0.0055921052631578,0.1666666666666666
eegmmidb,1,robust_residual_adapter,robust_residual_adapter-6e54d31acf02,1,10,-0.0083333333333333,0.3
eegmmidb,1,robust_residual_adapter,robust_residual_adapter-6e54d31acf02,2,8,0.0166666666666666,0.25
eegmmidb,1,robust_residual_adapter,robust_residual_adapter-808e998f02ef,0,12,0.0062865497076023,0.1666666666666666
eegmmidb,1,robust_residual_adapter,robust_residual_adapter-808e998f02ef,1,10,-0.0083333333333333,0.3
eegmmidb,1,robust_residual_adapter,robust_residual_adapter-808e998f02ef,2,8,0.0166666666666666,0.25
eegmmidb,2,official_t3a,official_t3a-06d8b003eb93,0,6,0.0,0.0
eegmmidb,2,official_t3a,official_t3a-06d8b003eb93,1,9,0.0,0.0
eegmmidb,2,official_t3a,official_t3a-06d8b003eb93,2,15,0.0,0.0
eegmmidb,2,official_t3a,official_t3a-0ad43336d54d,0,6,0.0,0.0
eegmmidb,2,official_t3a,official_t3a-0ad43336d54d,1,9,0.0,0.0
eegmmidb,2,official_t3a,official_t3a-0ad43336d54d,2,15,0.0,0.0
eegmmidb,2,official_t3a,official_t3a-0e621b80ffab,0,6,0.0,0.0
eegmmidb,2,official_t3a,official_t3a-0e621b80ffab,1,9,0.0,0.0
eegmmidb,2,official_t3a,official_t3a-0e621b80ffab,2,15,0.0,0.0
eegmmidb,2,official_t3a,official_t3a-13d4c0513513,0,6,0.0,0.0
eegmmidb,2,official_t3a,official_t3a-13d4c0513513,1,9,0.0,0.0
eegmmidb,2,official_t3a,official_t3a-13d4c0513513,2,15,0.0,0.0
eegmmidb,2,robust_residual_adapter,robust_residual_adapter-1031190f5df8,0,6,0.0,0.1666666666666666
eegmmidb,2,robust_residual_adapter,robust_residual_adapter-1031190f5df8,1,9,0.0,0.0
eegmmidb,2,robust_residual_adapter,robust_residual_adapter-1031190f5df8,2,15,0.0005555555555555,0.0
eegmmidb,2,robust_residual_adapter,robust_residual_adapter-211892d39d6a,0,6,0.0,0.1666666666666666
eegmmidb,2,robust_residual_adapter,robust_residual_adapter-211892d39d6a,1,9,0.0,0.0
eegmmidb,2,robust_residual_adapter,robust_residual_adapter-211892d39d6a,2,15,0.0005555555555555,0.0
eegmmidb,2,robust_residual_adapter,robust_residual_adapter-315c9d8282e6,0,6,0.0,0.1666666666666666
eegmmidb,2,robust_residual_adapter,robust_residual_adapter-315c9d8282e6,1,9,-0.0157407407407407,0.0
eegmmidb,2,robust_residual_adapter,robust_residual_adapter-315c9d8282e6,2,15,0.0011111111111111,0.0666666666666666
eegmmidb,2,robust_residual_adapter,robust_residual_adapter-6fed6ff5d282,0,6,0.0,0.1666666666666666
eegmmidb,2,robust_residual_adapter,robust_residual_adapter-6fed6ff5d282,1,9,-0.0157407407407407,0.0
eegmmidb,2,robust_residual_adapter,robust_residual_adapter-6fed6ff5d282,2,15,0.0011111111111111,0.0666666666666666
eegmmidb,3,official_t3a,official_t3a-06d8b003eb93,0,14,0.0,0.0
eegmmidb,3,official_t3a,official_t3a-06d8b003eb93,1,8,0.0,0.0
eegmmidb,3,official_t3a,official_t3a-06d8b003eb93,2,8,0.0,0.0
eegmmidb,3,official_t3a,official_t3a-0ad43336d54d,0,14,0.0,0.0
eegmmidb,3,official_t3a,official_t3a-0ad43336d54d,1,8,0.0,0.0
eegmmidb,3,official_t3a,official_t3a-0ad43336d54d,2,8,0.0,0.0
eegmmidb,3,official_t3a,official_t3a-0e621b80ffab,0,14,0.0,0.0
eegmmidb,3,official_t3a,official_t3a-0e621b80ffab,1,8,0.0,0.0
eegmmidb,3,official_t3a,official_t3a-0e621b80ffab,2,8,0.0,0.0
eegmmidb,3,official_t3a,official_t3a-13d4c0513513,0,14,0.0,0.0
eegmmidb,3,official_t3a,official_t3a-13d4c0513513,1,8,0.0,0.0
eegmmidb,3,official_t3a,official_t3a-13d4c0513513,2,8,0.0,0.0
eegmmidb,3,robust_residual_adapter,robust_residual_adapter-23484698f18c,0,14,0.0101190476190476,0.1428571428571428
eegmmidb,3,robust_residual_adapter,robust_residual_adapter-23484698f18c,1,8,0.0052083333333333,0.25
eegmmidb,3,robust_residual_adapter,robust_residual_adapter-23484698f18c,2,8,0.0083333333333333,0.0
eegmmidb,3,robust_residual_adapter,robust_residual_adapter-346f250d78e3,0,14,0.0113095238095238,0.1428571428571428
eegmmidb,3,robust_residual_adapter,robust_residual_adapter-346f250d78e3,1,8,0.00625,0.25
eegmmidb,3,robust_residual_adapter,robust_residual_adapter-346f250d78e3,2,8,0.0104166666666666,0.0
eegmmidb,3,robust_residual_adapter,robust_residual_adapter-6e54d31acf02,0,14,0.0113095238095238,0.1428571428571428
eegmmidb,3,robust_residual_adapter,robust_residual_adapter-6e54d31acf02,1,8,0.00625,0.25
eegmmidb,3,robust_residual_adapter,robust_residual_adapter-6e54d31acf02,2,8,0.0104166666666666,0.0
eegmmidb,3,robust_residual_adapter,robust_residual_adapter-767bb840c2da,0,14,0.0101190476190476,0.1428571428571428
eegmmidb,3,robust_residual_adapter,robust_residual_adapter-767bb840c2da,1,8,0.0052083333333333,0.25
eegmmidb,3,robust_residual_adapter,robust_residual_adapter-767bb840c2da,2,8,0.0083333333333333,0.0
eegmmidb,4,official_t3a,official_t3a-06d8b003eb93,0,9,0.0,0.0
eegmmidb,4,official_t3a,official_t3a-06d8b003eb93,1,11,0.0,0.0
eegmmidb,4,official_t3a,official_t3a-06d8b003eb93,2,10,0.0,0.0
eegmmidb,4,official_t3a,official_t3a-0ad43336d54d,0,9,0.0,0.0
eegmmidb,4,official_t3a,official_t3a-0ad43336d54d,1,11,0.0,0.0
eegmmidb,4,official_t3a,official_t3a-0ad43336d54d,2,10,0.0,0.0
eegmmidb,4,official_t3a,official_t3a-0e621b80ffab,0,9,0.0,0.0
eegmmidb,4,official_t3a,official_t3a-0e621b80ffab,1,11,0.0,0.0
eegmmidb,4,official_t3a,official_t3a-0e621b80ffab,2,10,0.0,0.0
eegmmidb,4,official_t3a,official_t3a-13d4c0513513,0,9,0.0,0.0
eegmmidb,4,official_t3a,official_t3a-13d4c0513513,1,11,0.0,0.0
eegmmidb,4,official_t3a,official_t3a-13d4c0513513,2,10,0.0,0.0
eegmmidb,4,robust_residual_adapter,robust_residual_adapter-0903d909f1e8,0,9,0.0027777777777777,0.0
eegmmidb,4,robust_residual_adapter,robust_residual_adapter-0903d909f1e8,1,11,0.003030303030303,0.0909090909090909
eegmmidb,4,robust_residual_adapter,robust_residual_adapter-0903d909f1e8,2,10,-2.220446049250313e-17,0.0
eegmmidb,4,robust_residual_adapter,robust_residual_adapter-210e5f3879e9,0,9,0.0027777777777777,0.0
eegmmidb,4,robust_residual_adapter,robust_residual_adapter-210e5f3879e9,1,11,0.003030303030303,0.0909090909090909
eegmmidb,4,robust_residual_adapter,robust_residual_adapter-210e5f3879e9,2,10,-2.220446049250313e-17,0.0
eegmmidb,4,robust_residual_adapter,robust_residual_adapter-7cd697259ffc,0,9,0.0027777777777777,0.0
eegmmidb,4,robust_residual_adapter,robust_residual_adapter-7cd697259ffc,1,11,0.003030303030303,0.0909090909090909
eegmmidb,4,robust_residual_adapter,robust_residual_adapter-7cd697259ffc,2,10,-2.220446049250313e-17,0.0
eegmmidb,4,robust_residual_adapter,robust_residual_adapter-84d05e4804c7,0,9,0.0027777777777777,0.0
eegmmidb,4,robust_residual_adapter,robust_residual_adapter-84d05e4804c7,1,11,0.003030303030303,0.0909090909090909
eegmmidb,4,robust_residual_adapter,robust_residual_adapter-84d05e4804c7,2,10,-2.220446049250313e-17,0.0
