dataset,seed,action,config_id,stage,n_subjects,n_rows,availability_rate,noninferiority_rate,mean_safe_gain,median_safe_gain,positive_subject_rate,mean_relative_gain,harm_rate
eegmmidb,0,official_t3a,official_t3a-06d8b003eb93,full,30,60,0.0,1.0,0.0,0.0,0.0,0.0,0.0
eegmmidb,0,official_t3a,official_t3a-06d8b003eb93,screen,5,10,0.0,1.0,0.0,0.0,0.0,0.0,0.0
eegmmidb,0,official_t3a,official_t3a-0ad43336d54d,full,30,60,0.0,1.0,0.0,0.0,0.0,0.0,0.0
eegmmidb,0,official_t3a,official_t3a-0ad43336d54d,screen,5,10,0.0,1.0,0.0,0.0,0.0,0.0,0.0
eegmmidb,0,official_t3a,official_t3a-0e621b80ffab,full,30,60,0.0,1.0,0.0,0.0,0.0,0.0,0.0
eegmmidb,0,official_t3a,official_t3a-0e621b80ffab,screen,5,10,0.0,1.0,0.0,0.0,0.0,0.0,0.0
eegmmidb,0,official_t3a,official_t3a-13d4c0513513,full,30,60,0.0,1.0,0.0,0.0,0.0,0.0,0.0
eegmmidb,0,official_t3a,official_t3a-13d4c0513513,screen,5,10,0.0,1.0,0.0,0.0,0.0,0.0,0.0
eegmmidb,0,official_t3a,official_t3a-144500a6c2c9,screen,5,10,0.0,1.0,0.0,0.0,0.0,0.0,0.0
eegmmidb,0,official_t3a,official_t3a-15d1c1238f85,screen,5,10,0.0,1.0,0.0,0.0,0.0,0.0,0.0
eegmmidb,0,official_t3a,official_t3a-160151fe47b0,screen,5,10,0.0,1.0,0.0,0.0,0.0,0.0,0.0
eegmmidb,0,official_t3a,official_t3a-19d755d81622,screen,5,10,0.0,1.0,0.0,0.0,0.0,0.0,0.0
eegmmidb,0,official_t3a,official_t3a-1b21f505fa19,screen,5,10,0.0,1.0,0.0,0.0,0.0,0.0,0.0
eegmmidb,0,official_t3a,official_t3a-1cd8f78ab3b9,screen,5,10,0.0,1.0,0.0,0.0,0.0,0.0,0.0
eegmmidb,0,official_t3a,official_t3a-33e1e1533a51,screen,5,10,0.0,1.0,0.0,0.0,0.0,0.0,0.0
eegmmidb,0,official_t3a,official_t3a-3c65a4b467bf,screen,5,10,0.0,1.0,0.0,0.0,0.0,0.0,0.0
eegmmidb,0,official_t3a,official_t3a-3d0042962596,screen,5,10,0.0,1.0,0.0,0.0,0.0,0.0,0.0
eegmmidb,0,official_t3a,official_t3a-43075eda5955,screen,5,10,0.0,1.0,0.0,0.0,0.0,0.0,0.0
eegmmidb,0,official_t3a,official_t3a-440f320260e9,screen,5,10,0.0,1.0,0.0,0.0,0.0,0.0,0.0
eegmmidb,0,official_t3a,official_t3a-479b6b536039,screen,5,10,0.0,1.0,0.0,0.0,0.0,0.0,0.0
eegmmidb,0,official_t3a,official_t3a-4d02344bcd4c,screen,5,10,0.0,1.0,0.0,0.0,0.0,0.0,0.0
eegmmidb,0,official_t3a,official_t3a-4e5a4bec08c8,screen,5,10,0.0,1.0,0.0,0.0,0.0,0.0,0.0
eegmmidb,0,official_t3a,official_t3a-5346e45e4b51,screen,5,10,0.0,1.0,0.0,0.0,0.0,0.0,0.0
eegmmidb,0,official_t3a,official_t3a-657ab5cee244,screen,5,10,0.0,1.0,0.0,0.0,0.0,0.0,0.0
eegmmidb,0,official_t3a,official_t3a-66cffaa0cfbf,screen,5,10,0.0,1.0,0.0,0.0,0.0,0.0,0.0
eegmmidb,0,official_t3a,official_t3a-681aff0cf518,screen,5,10,0.0,1.0,0.0,0.0,0.0,0.0,0.0
eegmmidb,0,official_t3a,official_t3a-6a7d74f43497,screen,5,10,0.0,1.0,0.0,0.0,0.0,0.0,0.0
eegmmidb,0,official_t3a,official_t3a-6c35d4c73d3b,screen,5,10,0.0,1.0,0.0,0.0,0.0,0.0,0.0
eegmmidb,0,official_t3a,official_t3a-7375bfddb4ab,screen,5,10,0.0,1.0,0.0,0.0,0.0,0.0,0.0
eegmmidb,0,official_t3a,official_t3a-74f4030be5f2,screen,5,10,0.0,1.0,0.0,0.0,0.0,0.0,0.0
eegmmidb,0,official_t3a,official_t3a-7f612f134cb1,screen,5,10,0.0,1.0,0.0,0.0,0.0,0.0,0.0
eegmmidb,0,official_t3a,official_t3a-800df3f5aa78,screen,5,10,0.0,1.0,0.0,0.0,0.0,0.0,0.0
eegmmidb,0,official_t3a,official_t3a-8434a102ab54,screen,5,10,0.0,1.0,0.0,0.0,0.0,0.0,0.0
eegmmidb,0,official_t3a,official_t3a-86e1d9fb207d,screen,5,10,0.0,1.0,0.0,0.0,0.0,0.0,0.0
eegmmidb,0,official_t3a,official_t3a-88a4a49a2a8e,screen,5,10,0.0,1.0,0.0,0.0,0.0,0.0,0.0
eegmmidb,0,official_t3a,official_t3a-89096a110557,screen,5,10,0.0,1.0,0.0,0.0,0.0,0.0,0.0
eegmmidb,0,official_t3a,official_t3a-8c3c9be668a5,screen,5,10,0.0,1.0,0.0,0.0,0.0,0.0,0.0
eegmmidb,0,official_t3a,official_t3a-8c75502a746d,screen,5,10,0.0,1.0,0.0,0.0,0.0,0.0,0.0
eegmmidb,0,official_t3a,official_t3a-8e12c98fe2f1,screen,5,10,0.0,1.0,0.0,0.0,0.0,0.0,0.0
eegmmidb,0,official_t3a,official_t3a-8eb90e7c0e56,screen,5,10,0.0,1.0,0.0,0.0,0.0,0.0,0.0
eegmmidb,0,official_t3a,official_t3a-8ffd0b99f4d8,screen,5,10,0.0,1.0,0.0,0.0,0.0,0.0,0.0
eegmmidb,0,official_t3a,official_t3a-9b4d8e898405,screen,5,10,0.0,1.0,0.0,0.0,0.0,0.0,0.0
eegmmidb,0,official_t3a,official_t3a-9e453931e045,screen,5,10,0.0,1.0,0.0,0.0,0.0,0.0,0.0
eegmmidb,0,official_t3a,official_t3a-9f2adcc7c346,screen,5,10,0.0,1.0,0.0,0.0,0.0,0.0,0.0
eegmmidb,0,official_t3a,official_t3a-a5457bfbb0ed,screen,5,10,0.0,1.0,0.0,0.0,0.0,0.0,0.0
eegmmidb,0,official_t3a,official_t3a-aba59f0fa928,screen,5,10,0.0,1.0,0.0,0.0,0.0,0.0,0.0
eegmmidb,0,official_t3a,official_t3a-ac131ecdd989,screen,5,10,0.0,1.0,0.0,0.0,0.0,0.0,0.0
eegmmidb,0,official_t3a,official_t3a-ac2100936275,screen,5,10,0.0,1.0,0.0,0.0,0.0,0.0,0.0
eegmmidb,0,official_t3a,official_t3a-b4c42dd0a2b2,screen,5,10,0.0,1.0,0.0,0.0,0.0,0.0,0.0
eegmmidb,0,official_t3a,official_t3a-b7821f677537,screen,5,10,0.0,1.0,0.0,0.0,0.0,0.0,0.0
eegmmidb,0,official_t3a,official_t3a-bafa26fe5adc,screen,5,10,0.0,1.0,0.0,0.0,0.0,0.0,0.0
eegmmidb,0,official_t3a,official_t3a-bbc0d395e0c6,screen,5,10,0.0,1.0,0.0,0.0,0.0,0.0,0.0
eegmmidb,0,official_t3a,official_t3a-be26e63ecbf7,screen,5,10,0.0,1.0,0.0,0.0,0.0,0.0,0.0
eegmmidb,0,official_t3a,official_t3a-c5ff83c3a0b1,screen,5,10,0.0,1.0,0.0,0.0,0.0,0.0,0.0
eegmmidb,0,official_t3a,official_t3a-cd5be7375938,screen,5,10,0.0,1.0,0.0,0.0,0.0,0.0,0.0
eegmmidb,0,official_t3a,official_t3a-cec079630f68,screen,5,10,0.0,1.0,0.0,0.0,0.0,0.0,0.0
eegmmidb,0,official_t3a,official_t3a-d46382cf9803,screen,5,10,0.0,1.0,0.0,0.0,0.0,0.0,0.0
eegmmidb,0,official_t3a,official_t3a-d62bace2bfe1,screen,5,10,0.0,1.0,0.0,0.0,0.0,0.0,0.0
eegmmidb,0,official_t3a,official_t3a-d93a90f59066,screen,5,10,0.0,1.0,0.0,0.0,0.0,0.0,0.0
eegmmidb,0,official_t3a,official_t3a-e05a261d1720,screen,5,10,0.0,1.0,0.0,0.0,0.0,0.0,0.0
eegmmidb,0,official_t3a,official_t3a-e3c7beac6aa7,screen,5,10,0.0,1.0,0.0,0.0,0.0,0.0,0.0
eegmmidb,0,official_t3a,official_t3a-f211f862380d,screen,5,10,0.0,1.0,0.0,0.0,0.0,0.0,0.0
eegmmidb,0,official_t3a,official_t3a-f6864009b48b,screen,5,10,0.0,1.0,0.0,0.0,0.0,0.0,0.0
eegmmidb,0,official_t3a,official_t3a-f79372df9a41,screen,5,10,0.0,1.0,0.0,0.0,0.0,0.0,0.0
eegmmidb,0,official_t3a,official_t3a-fc4eeaf2d3a3,screen,5,10,0.0,1.0,0.0,0.0,0.0,0.0,0.0
eegmmidb,0,official_t3a,official_t3a-fcdc8da0c1ef,screen,5,10,0.0,1.0,0.0,0.0,0.0,0.0,0.0
eegmmidb,0,official_t3a,official_t3a-fe8d884d7f16,screen,5,10,0.0,1.0,0.0,0.0,0.0,0.0,0.0
eegmmidb,0,official_t3a,official_t3a-fea4eb15f49c,screen,5,10,0.0,1.0,0.0,0.0,0.0,0.0,0.0
eegmmidb,0,robust_residual_adapter,robust_residual_adapter-0903d909f1e8,screen,5,10,1.0,1.0,0.0,0.0,0.0,0.0,0.0
eegmmidb,0,robust_residual_adapter,robust_residual_adapter-0f51833db605,screen,5,10,0.0,1.0,0.0,0.0,0.0,0.0,0.0
eegmmidb,0,robust_residual_adapter,robust_residual_adapter-0fc0ca7c17b4,screen,5,10,0.0,1.0,0.0,0.0,0.0,0.0,0.0
eegmmidb,0,robust_residual_adapter,robust_residual_adapter-1031190f5df8,screen,5,10,1.0,1.0,0.0,0.0,0.0,0.0,0.0
eegmmidb,0,robust_residual_adapter,robust_residual_adapter-114da071ca14,screen,5,10,0.0,1.0,0.0,0.0,0.0,0.0,0.0
eegmmidb,0,robust_residual_adapter,robust_residual_adapter-11bea6b7aae8,screen,5,10,0.0,1.0,0.0,0.0,0.0,0.0,0.0
eegmmidb,0,robust_residual_adapter,robust_residual_adapter-18e58b1e3304,screen,5,10,1.0,0.8,-0.020000000000000063,0.008333333333333304,0.6,-0.008034240532438485,0.2
eegmmidb,0,robust_residual_adapter,robust_residual_adapter-1cb202cc9d25,screen,5,10,0.0,1.0,0.0,0.0,0.0,0.0,0.0
eegmmidb,0,robust_residual_adapter,robust_residual_adapter-210e5f3879e9,screen,5,10,1.0,1.0,0.0,0.0,0.0,0.0,0.0
eegmmidb,0,robust_residual_adapter,robust_residual_adapter-211892d39d6a,screen,5,10,1.0,1.0,0.0,0.0,0.0,0.0,0.0
eegmmidb,0,robust_residual_adapter,robust_residual_adapter-222e9cfab599,screen,5,10,0.0,1.0,0.0,0.0,0.0,0.0,0.0
eegmmidb,0,robust_residual_adapter,robust_residual_adapter-23484698f18c,full,30,60,0.9333333333333333,0.9333333333333333,-0.0038888888888888935,0.0,0.4666666666666667,-0.0018728056703914266,0.06666666666666667
eegmmidb,0,robust_residual_adapter,robust_residual_adapter-23484698f18c,screen,5,10,1.0,1.0,0.009999999999999986,0.008333333333333304,0.8,0.004356751708736091,0.0
eegmmidb,0,robust_residual_adapter,robust_residual_adapter-2813104a4458,screen,5,10,0.0,1.0,0.0,0.0,0.0,0.0,0.0
eegmmidb,0,robust_residual_adapter,robust_residual_adapter-2ad3b9ffbf62,screen,5,10,0.0,1.0,0.0,0.0,0.0,0.0,0.0
eegmmidb,0,robust_residual_adapter,robust_residual_adapter-2c51a511fc83,screen,5,10,0.0,1.0,0.0,0.0,0.0,0.0,0.0
eegmmidb,0,robust_residual_adapter,robust_residual_adapter-2d59462de753,screen,5,10,0.0,1.0,0.0,0.0,0.0,0.0,0.0
eegmmidb,0,robust_residual_adapter,robust_residual_adapter-2da64f49c7fe,screen,5,10,0.0,1.0,0.0,0.0,0.0,0.0,0.0
eegmmidb,0,robust_residual_adapter,robust_residual_adapter-315c9d8282e6,screen,5,10,1.0,1.0,0.0,0.0,0.0,0.0,0.0
eegmmidb,0,robust_residual_adapter,robust_residual_adapter-346f250d78e3,full,30,60,0.9333333333333333,0.9,-0.003055555555555563,0.0,0.5,-0.0015968271399954637,0.1
eegmmidb,0,robust_residual_adapter,robust_residual_adapter-346f250d78e3,screen,5,10,1.0,1.0,0.011666666666666648,0.008333333333333304,0.8,0.004924933526917907,0.0
eegmmidb,0,robust_residual_adapter,robust_residual_adapter-347ea6a7008c,screen,5,10,0.0,1.0,0.0,0.0,0.0,0.0,0.0
eegmmidb,0,robust_residual_adapter,robust_residual_adapter-3923cfe15922,screen,5,10,0.0,1.0,0.0,0.0,0.0,0.0,0.0
eegmmidb,0,robust_residual_adapter,robust_residual_adapter-3a0c4c0168d6,screen,5,10,0.0,1.0,0.0,0.0,0.0,0.0,0.0
eegmmidb,0,robust_residual_adapter,robust_residual_adapter-4290f73e9a6d,screen,5,10,0.0,1.0,0.0,0.0,0.0,0.0,0.0
eegmmidb,0,robust_residual_adapter,robust_residual_adapter-4454e937e0f8,screen,5,10,0.0,1.0,0.0,0.0,0.0,0.0,0.0
eegmmidb,0,robust_residual_adapter,robust_residual_adapter-447ad5fbbc74,screen,5,10,0.0,1.0,0.0,0.0,0.0,0.0,0.0
eegmmidb,0,robust_residual_adapter,robust_residual_adapter-4697532c49d3,screen,5,10,0.0,1.0,0.0,0.0,0.0,0.0,0.0
eegmmidb,0,robust_residual_adapter,robust_residual_adapter-49954ec03dfe,screen,5,10,1.0,0.8,-0.020000000000000063,0.008333333333333304,0.6,-0.008034240532438485,0.2
eegmmidb,0,robust_residual_adapter,robust_residual_adapter-4bf6f4d9d8bd,screen,5,10,1.0,1.0,0.0050000000000000044,0.0,0.6,0.002479647331631721,0.0
eegmmidb,0,robust_residual_adapter,robust_residual_adapter-4ee38e8f497d,screen,5,10,0.0,1.0,0.0,0.0,0.0,0.0,0.0
eegmmidb,0,robust_residual_adapter,robust_residual_adapter-52f4b0496586,screen,5,10,0.0,1.0,0.0,0.0,0.0,0.0,0.0
eegmmidb,0,robust_residual_adapter,robust_residual_adapter-54e4ae67fe96,screen,5,10,0.0,1.0,0.0,0.0,0.0,0.0,0.0
eegmmidb,0,robust_residual_adapter,robust_residual_adapter-57ca542d0d07,screen,5,10,0.0,1.0,0.0,0.0,0.0,0.0,0.0
eegmmidb,0,robust_residual_adapter,robust_residual_adapter-5891260e6122,screen,5,10,0.0,1.0,0.0,0.0,0.0,0.0,0.0
eegmmidb,0,robust_residual_adapter,robust_residual_adapter-5a9f0082f38d,screen,5,10,0.0,1.0,0.0,0.0,0.0,0.0,0.0
eegmmidb,0,robust_residual_adapter,robust_residual_adapter-5ac4f24014a4,screen,5,10,1.0,1.0,0.008333333333333326,0.0,0.8,0.0036160109679953534,0.0
eegmmidb,0,robust_residual_adapter,robust_residual_adapter-611b5cab97e0,screen,5,10,0.0,1.0,0.0,0.0,0.0,0.0,0.0
eegmmidb,0,robust_residual_adapter,robust_residual_adapter-6cafa4365e12,screen,5,10,0.0,1.0,0.0,0.0,0.0,0.0,0.0
eegmmidb,0,robust_residual_adapter,robust_residual_adapter-6e3bc7245fb2,screen,5,10,0.0,1.0,0.0,0.0,0.0,0.0,0.0
eegmmidb,0,robust_residual_adapter,robust_residual_adapter-6e54d31acf02,full,30,60,0.9333333333333333,0.9,-0.003055555555555563,0.0,0.5,-0.0015968271399954637,0.1
eegmmidb,0,robust_residual_adapter,robust_residual_adapter-6e54d31acf02,screen,5,10,1.0,1.0,0.011666666666666648,0.008333333333333304,0.8,0.004924933526917907,0.0
eegmmidb,0,robust_residual_adapter,robust_residual_adapter-6fed6ff5d282,screen,5,10,1.0,1.0,0.0,0.0,0.0,0.0,0.0
eegmmidb,0,robust_residual_adapter,robust_residual_adapter-713200d653b1,screen,5,10,0.0,1.0,0.0,0.0,0.0,0.0,0.0
eegmmidb,0,robust_residual_adapter,robust_residual_adapter-729e699224f4,screen,5,10,0.0,1.0,0.0,0.0,0.0,0.0,0.0
eegmmidb,0,robust_residual_adapter,robust_residual_adapter-74d7008fe0e3,screen,5,10,1.0,1.0,0.008333333333333326,0.0,0.8,0.0036160109679953534,0.0
eegmmidb,0,robust_residual_adapter,robust_residual_adapter-767bb840c2da,screen,5,10,1.0,1.0,0.009999999999999986,0.008333333333333304,0.8,0.004356751708736091,0.0
eegmmidb,0,robust_residual_adapter,robust_residual_adapter-77b994397baf,screen,5,10,0.0,1.0,0.0,0.0,0.0,0.0,0.0
eegmmidb,0,robust_residual_adapter,robust_residual_adapter-795a15228f62,screen,5,10,0.0,1.0,0.0,0.0,0.0,0.0,0.0
eegmmidb,0,robust_residual_adapter,robust_residual_adapter-7ae126920514,screen,5,10,1.0,1.0,0.0050000000000000044,0.0,0.6,0.002479647331631721,0.0
eegmmidb,0,robust_residual_adapter,robust_residual_adapter-7c802672cabf,screen,5,10,1.0,1.0,0.0,0.0,0.0,0.0,0.0
eegmmidb,0,robust_residual_adapter,robust_residual_adapter-7cd697259ffc,screen,5,10,1.0,1.0,0.0,0.0,0.0,0.0,0.0
eegmmidb,0,robust_residual_adapter,robust_residual_adapter-808e998f02ef,full,30,60,0.9333333333333333,0.9,-0.003055555555555563,0.0,0.5,-0.0015968271399954637,0.1
eegmmidb,0,robust_residual_adapter,robust_residual_adapter-808e998f02ef,screen,5,10,1.0,1.0,0.011666666666666648,0.008333333333333304,0.8,0.004924933526917907,0.0
eegmmidb,0,robust_residual_adapter,robust_residual_adapter-81635b9b8859,screen,5,10,1.0,0.8,-0.020000000000000063,0.008333333333333304,0.6,-0.008034240532438485,0.2
eegmmidb,0,robust_residual_adapter,robust_residual_adapter-84d05e4804c7,screen,5,10,1.0,1.0,0.0,0.0,0.0,0.0,0.0
eegmmidb,0,robust_residual_adapter,robust_residual_adapter-873c96152a25,screen,5,10,1.0,1.0,0.0050000000000000044,0.0,0.6,0.002479647331631721,0.0
eegmmidb,0,robust_residual_adapter,robust_residual_adapter-93449664e240,screen,5,10,0.0,1.0,0.0,0.0,0.0,0.0,0.0
eegmmidb,0,robust_residual_adapter,robust_residual_adapter-93ae432f20f8,screen,5,10,0.0,1.0,0.0,0.0,0.0,0.0,0.0
eegmmidb,0,robust_residual_adapter,robust_residual_adapter-93f6280bb4c8,screen,5,10,0.0,1.0,0.0,0.0,0.0,0.0,0.0
eegmmidb,0,robust_residual_adapter,robust_residual_adapter-a1c07080b118,screen,5,10,1.0,1.0,0.0,0.0,0.0,0.0,0.0
eegmmidb,0,robust_residual_adapter,robust_residual_adapter-a3435345e5e9,screen,5,10,0.0,1.0,0.0,0.0,0.0,0.0,0.0
eegmmidb,0,robust_residual_adapter,robust_residual_adapter-a4da2f80d3e5,screen,5,10,1.0,1.0,0.008333333333333326,0.0,0.8,0.0036160109679953534,0.0
eegmmidb,0,robust_residual_adapter,robust_residual_adapter-af85a8b63f29,screen,5,10,0.0,1.0,0.0,0.0,0.0,0.0,0.0
eegmmidb,0,robust_residual_adapter,robust_residual_adapter-b49494405d84,screen,5,10,0.0,1.0,0.0,0.0,0.0,0.0,0.0
eegmmidb,0,robust_residual_adapter,robust_residual_adapter-b5c5fea8efb0,screen,5,10,0.0,1.0,0.0,0.0,0.0,0.0,0.0
eegmmidb,0,robust_residual_adapter,robust_residual_adapter-b928650c17c2,screen,5,10,0.0,1.0,0.0,0.0,0.0,0.0,0.0
eegmmidb,0,robust_residual_adapter,robust_residual_adapter-c2259f90f700,screen,5,10,0.0,1.0,0.0,0.0,0.0,0.0,0.0
eegmmidb,0,robust_residual_adapter,robust_residual_adapter-c57fb28bc115,screen,5,10,0.0,1.0,0.0,0.0,0.0,0.0,0.0
eegmmidb,0,robust_residual_adapter,robust_residual_adapter-d07a79671dd4,screen,5,10,0.0,1.0,0.0,0.0,0.0,0.0,0.0
eegmmidb,0,robust_residual_adapter,robust_residual_adapter-d2667f23ec3e,screen,5,10,0.0,1.0,0.0,0.0,0.0,0.0,0.0
eegmmidb,0,robust_residual_adapter,robust_residual_adapter-d7b8f3cdfb05,screen,5,10,0.0,1.0,0.0,0.0,0.0,0.0,0.0
eegmmidb,0,robust_residual_adapter,robust_residual_adapter-d861b8fa6026,screen,5,10,1.0,1.0,0.009999999999999986,0.008333333333333304,0.8,0.004356751708736091,0.0
eegmmidb,0,robust_residual_adapter,robust_residual_adapter-d96b3a8ccc78,screen,5,10,0.0,1.0,0.0,0.0,0.0,0.0,0.0
eegmmidb,0,robust_residual_adapter,robust_residual_adapter-da505056854e,screen,5,10,0.0,1.0,0.0,0.0,0.0,0.0,0.0
eegmmidb,0,robust_residual_adapter,robust_residual_adapter-e07d240e114d,screen,5,10,0.0,1.0,0.0,0.0,0.0,0.0,0.0
eegmmidb,0,robust_residual_adapter,robust_residual_adapter-e0c374bf31de,screen,5,10,0.0,1.0,0.0,0.0,0.0,0.0,0.0
eegmmidb,0,robust_residual_adapter,robust_residual_adapter-e19b5c78110b,screen,5,10,1.0,1.0,0.0,0.0,0.0,0.0,0.0
eegmmidb,0,robust_residual_adapter,robust_residual_adapter-e47abe2e3f95,screen,5,10,0.0,1.0,0.0,0.0,0.0,0.0,0.0
eegmmidb,0,robust_residual_adapter,robust_residual_adapter-e7baf271ea28,screen,5,10,0.0,1.0,0.0,0.0,0.0,0.0,0.0
eegmmidb,0,robust_residual_adapter,robust_residual_adapter-eb848adad861,screen,5,10,0.0,1.0,0.0,0.0,0.0,0.0,0.0
eegmmidb,0,robust_residual_adapter,robust_residual_adapter-f5dd3b59939d,screen,5,10,0.0,1.0,0.0,0.0,0.0,0.0,0.0
eegmmidb,0,robust_residual_adapter,robust_residual_adapter-f87e3cb66488,screen,5,10,1.0,1.0,0.0,0.0,0.0,0.0,0.0
eegmmidb,0,robust_residual_adapter,robust_residual_adapter-fa6b0757f840,screen,5,10,0.0,1.0,0.0,0.0,0.0,0.0,0.0
eegmmidb,0,robust_residual_adapter,robust_residual_adapter-fb66260eee84,screen,5,10,0.0,1.0,0.0,0.0,0.0,0.0,0.0
eegmmidb,1,official_t3a,official_t3a-06d8b003eb93,full,30,60,0.0,1.0,0.0,0.0,0.0,0.0,0.0
eegmmidb,1,official_t3a,official_t3a-06d8b003eb93,screen,5,10,0.0,1.0,0.0,0.0,0.0,0.0,0.0
eegmmidb,1,official_t3a,official_t3a-0ad43336d54d,full,30,60,0.0,1.0,0.0,0.0,0.0,0.0,0.0
eegmmidb,1,official_t3a,official_t3a-0ad43336d54d,screen,5,10,0.0,1.0,0.0,0.0,0.0,0.0,0.0
eegmmidb,1,official_t3a,official_t3a-0e621b80ffab,full,30,60,0.0,1.0,0.0,0.0,0.0,0.0,0.0
eegmmidb,1,official_t3a,official_t3a-0e621b80ffab,screen,5,10,0.0,1.0,0.0,0.0,0.0,0.0,0.0
eegmmidb,1,official_t3a,official_t3a-13d4c0513513,full,30,60,0.0,1.0,0.0,0.0,0.0,0.0,0.0
eegmmidb,1,official_t3a,official_t3a-13d4c0513513,screen,5,10,0.0,1.0,0.0,0.0,0.0,0.0,0.0
eegmmidb,1,official_t3a,official_t3a-144500a6c2c9,screen,5,10,0.0,1.0,0.0,0.0,0.0,0.0,0.0
eegmmidb,1,official_t3a,official_t3a-15d1c1238f85,screen,5,10,0.0,1.0,0.0,0.0,0.0,0.0,0.0
eegmmidb,1,official_t3a,official_t3a-160151fe47b0,screen,5,10,0.0,1.0,0.0,0.0,0.0,0.0,0.0
eegmmidb,1,official_t3a,official_t3a-19d755d81622,screen,5,10,0.0,1.0,0.0,0.0,0.0,0.0,0.0
eegmmidb,1,official_t3a,official_t3a-1b21f505fa19,screen,5,10,0.0,1.0,0.0,0.0,0.0,0.0,0.0
eegmmidb,1,official_t3a,official_t3a-1cd8f78ab3b9,screen,5,10,0.0,1.0,0.0,0.0,0.0,0.0,0.0
eegmmidb,1,official_t3a,official_t3a-33e1e1533a51,screen,5,10,0.0,1.0,0.0,0.0,0.0,0.0,0.0
eegmmidb,1,official_t3a,official_t3a-3c65a4b467bf,screen,5,10,0.0,1.0,0.0,0.0,0.0,0.0,0.0
eegmmidb,1,official_t3a,official_t3a-3d0042962596,screen,5,10,0.0,1.0,0.0,0.0,0.0,0.0,0.0
eegmmidb,1,official_t3a,official_t3a-43075eda5955,screen,5,10,0.0,1.0,0.0,0.0,0.0,0.0,0.0
eegmmidb,1,official_t3a,official_t3a-440f320260e9,screen,5,10,0.0,1.0,0.0,0.0,0.0,0.0,0.0
eegmmidb,1,official_t3a,official_t3a-479b6b536039,screen,5,10,0.0,1.0,0.0,0.0,0.0,0.0,0.0
eegmmidb,1,official_t3a,official_t3a-4d02344bcd4c,screen,5,10,0.0,1.0,0.0,0.0,0.0,0.0,0.0
eegmmidb,1,official_t3a,official_t3a-4e5a4bec08c8,screen,5,10,0.0,1.0,0.0,0.0,0.0,0.0,0.0
eegmmidb,1,official_t3a,official_t3a-5346e45e4b51,screen,5,10,0.0,1.0,0.0,0.0,0.0,0.0,0.0
eegmmidb,1,official_t3a,official_t3a-657ab5cee244,screen,5,10,0.0,1.0,0.0,0.0,0.0,0.0,0.0
eegmmidb,1,official_t3a,official_t3a-66cffaa0cfbf,screen,5,10,0.0,1.0,0.0,0.0,0.0,0.0,0.0
eegmmidb,1,official_t3a,official_t3a-681aff0cf518,screen,5,10,0.0,1.0,0.0,0.0,0.0,0.0,0.0
eegmmidb,1,official_t3a,official_t3a-6a7d74f43497,screen,5,10,0.0,1.0,0.0,0.0,0.0,0.0,0.0
eegmmidb,1,official_t3a,official_t3a-6c35d4c73d3b,screen,5,10,0.0,1.0,0.0,0.0,0.0,0.0,0.0
eegmmidb,1,official_t3a,official_t3a-7375bfddb4ab,screen,5,10,0.0,1.0,0.0,0.0,0.0,0.0,0.0
eegmmidb,1,official_t3a,official_t3a-74f4030be5f2,screen,5,10,0.0,1.0,0.0,0.0,0.0,0.0,0.0
eegmmidb,1,official_t3a,official_t3a-7f612f134cb1,screen,5,10,0.0,1.0,0.0,0.0,0.0,0.0,0.0
eegmmidb,1,official_t3a,official_t3a-800df3f5aa78,screen,5,10,0.0,1.0,0.0,0.0,0.0,0.0,0.0
eegmmidb,1,official_t3a,official_t3a-8434a102ab54,screen,5,10,0.0,1.0,0.0,0.0,0.0,0.0,0.0
eegmmidb,1,official_t3a,official_t3a-86e1d9fb207d,screen,5,10,0.0,1.0,0.0,0.0,0.0,0.0,0.0
eegmmidb,1,official_t3a,official_t3a-88a4a49a2a8e,screen,5,10,0.0,1.0,0.0,0.0,0.0,0.0,0.0
eegmmidb,1,official_t3a,official_t3a-89096a110557,screen,5,10,0.0,1.0,0.0,0.0,0.0,0.0,0.0
eegmmidb,1,official_t3a,official_t3a-8c3c9be668a5,screen,5,10,0.0,1.0,0.0,0.0,0.0,0.0,0.0
eegmmidb,1,official_t3a,official_t3a-8c75502a746d,screen,5,10,0.0,1.0,0.0,0.0,0.0,0.0,0.0
eegmmidb,1,official_t3a,official_t3a-8e12c98fe2f1,screen,5,10,0.0,1.0,0.0,0.0,0.0,0.0,0.0
eegmmidb,1,official_t3a,official_t3a-8eb90e7c0e56,screen,5,10,0.0,1.0,0.0,0.0,0.0,0.0,0.0
eegmmidb,1,official_t3a,official_t3a-8ffd0b99f4d8,screen,5,10,0.0,1.0,0.0,0.0,0.0,0.0,0.0
eegmmidb,1,official_t3a,official_t3a-9b4d8e898405,screen,5,10,0.0,1.0,0.0,0.0,0.0,0.0,0.0
eegmmidb,1,official_t3a,official_t3a-9e453931e045,screen,5,10,0.0,1.0,0.0,0.0,0.0,0.0,0.0
eegmmidb,1,official_t3a,official_t3a-9f2adcc7c346,screen,5,10,0.0,1.0,0.0,0.0,0.0,0.0,0.0
eegmmidb,1,official_t3a,official_t3a-a5457bfbb0ed,screen,5,10,0.0,1.0,0.0,0.0,0.0,0.0,0.0
eegmmidb,1,official_t3a,official_t3a-aba59f0fa928,screen,5,10,0.0,1.0,0.0,0.0,0.0,0.0,0.0
eegmmidb,1,official_t3a,official_t3a-ac131ecdd989,screen,5,10,0.0,1.0,0.0,0.0,0.0,0.0,0.0
eegmmidb,1,official_t3a,official_t3a-ac2100936275,screen,5,10,0.0,1.0,0.0,0.0,0.0,0.0,0.0
eegmmidb,1,official_t3a,official_t3a-b4c42dd0a2b2,screen,5,10,0.0,1.0,0.0,0.0,0.0,0.0,0.0
eegmmidb,1,official_t3a,official_t3a-b7821f677537,screen,5,10,0.0,1.0,0.0,0.0,0.0,0.0,0.0
eegmmidb,1,official_t3a,official_t3a-bafa26fe5adc,screen,5,10,0.0,1.0,0.0,0.0,0.0,0.0,0.0
eegmmidb,1,official_t3a,official_t3a-bbc0d395e0c6,screen,5,10,0.0,1.0,0.0,0.0,0.0,0.0,0.0
eegmmidb,1,official_t3a,official_t3a-be26e63ecbf7,screen,5,10,0.0,1.0,0.0,0.0,0.0,0.0,0.0
eegmmidb,1,official_t3a,official_t3a-c5ff83c3a0b1,screen,5,10,0.0,1.0,0.0,0.0,0.0,0.0,0.0
eegmmidb,1,official_t3a,official_t3a-cd5be7375938,screen,5,10,0.0,1.0,0.0,0.0,0.0,0.0,0.0
eegmmidb,1,official_t3a,official_t3a-cec079630f68,screen,5,10,0.0,1.0,0.0,0.0,0.0,0.0,0.0
eegmmidb,1,official_t3a,official_t3a-d46382cf9803,screen,5,10,0.0,1.0,0.0,0.0,0.0,0.0,0.0
eegmmidb,1,official_t3a,official_t3a-d62bace2bfe1,screen,5,10,0.0,1.0,0.0,0.0,0.0,0.0,0.0
eegmmidb,1,official_t3a,official_t3a-d93a90f59066,screen,5,10,0.0,1.0,0.0,0.0,0.0,0.0,0.0
eegmmidb,1,official_t3a,official_t3a-e05a261d1720,screen,5,10,0.0,1.0,0.0,0.0,0.0,0.0,0.0
eegmmidb,1,official_t3a,official_t3a-e3c7beac6aa7,screen,5,10,0.0,1.0,0.0,0.0,0.0,0.0,0.0
eegmmidb,1,official_t3a,official_t3a-f211f862380d,screen,5,10,0.0,1.0,0.0,0.0,0.0,0.0,0.0
eegmmidb,1,official_t3a,official_t3a-f6864009b48b,screen,5,10,0.0,1.0,0.0,0.0,0.0,0.0,0.0
eegmmidb,1,official_t3a,official_t3a-f79372df9a41,screen,5,10,0.0,1.0,0.0,0.0,0.0,0.0,0.0
eegmmidb,1,official_t3a,official_t3a-fc4eeaf2d3a3,screen,5,10,0.0,1.0,0.0,0.0,0.0,0.0,0.0
eegmmidb,1,official_t3a,official_t3a-fcdc8da0c1ef,screen,5,10,0.0,1.0,0.0,0.0,0.0,0.0,0.0
eegmmidb,1,official_t3a,official_t3a-fe8d884d7f16,screen,5,10,0.0,1.0,0.0,0.0,0.0,0.0,0.0
eegmmidb,1,official_t3a,official_t3a-fea4eb15f49c,screen,5,10,0.0,1.0,0.0,0.0,0.0,0.0,0.0
eegmmidb,1,robust_residual_adapter,robust_residual_adapter-0903d909f1e8,screen,5,10,0.8,1.0,0.0,0.0,0.0,0.0,0.0
eegmmidb,1,robust_residual_adapter,robust_residual_adapter-0f51833db605,screen,5,10,0.0,1.0,0.0,0.0,0.0,0.0,0.0
eegmmidb,1,robust_residual_adapter,robust_residual_adapter-0fc0ca7c17b4,screen,5,10,0.0,1.0,0.0,0.0,0.0,0.0,0.0
eegmmidb,1,robust_residual_adapter,robust_residual_adapter-1031190f5df8,screen,5,10,0.8,1.0,0.0,0.0,0.0,0.0,0.0
eegmmidb,1,robust_residual_adapter,robust_residual_adapter-114da071ca14,screen,5,10,0.0,1.0,0.0,0.0,0.0,0.0,0.0
eegmmidb,1,robust_residual_adapter,robust_residual_adapter-11bea6b7aae8,screen,5,10,0.0,1.0,0.0,0.0,0.0,0.0,0.0
eegmmidb,1,robust_residual_adapter,robust_residual_adapter-18e58b1e3304,screen,5,10,0.8,0.8,-0.015000000000000036,0.008333333333333304,0.4,-0.00536631295696925,0.2
eegmmidb,1,robust_residual_adapter,robust_residual_adapter-1cb202cc9d25,screen,5,10,0.0,1.0,0.0,0.0,0.0,0.0,0.0
eegmmidb,1,robust_residual_adapter,robust_residual_adapter-210e5f3879e9,screen,5,10,0.8,1.0,0.0,0.0,0.0,0.0,0.0
eegmmidb,1,robust_residual_adapter,robust_residual_adapter-211892d39d6a,screen,5,10,0.8,1.0,0.0,0.0,0.0,0.0,0.0
eegmmidb,1,robust_residual_adapter,robust_residual_adapter-222e9cfab599,screen,5,10,0.0,1.0,0.0,0.0,0.0,0.0,0.0
eegmmidb,1,robust_residual_adapter,robust_residual_adapter-23484698f18c,full,30,60,0.8666666666666667,0.8333333333333334,0.001681286549707591,0.0,0.5666666666666667,0.00010343242397378504,0.16666666666666666
eegmmidb,1,robust_residual_adapter,robust_residual_adapter-23484698f18c,screen,5,10,0.8,1.0,0.004999999999999982,0.0,0.6,0.00102197442923249,0.0
eegmmidb,1,robust_residual_adapter,robust_residual_adapter-2813104a4458,screen,5,10,0.0,1.0,0.0,0.0,0.0,0.0,0.0
eegmmidb,1,robust_residual_adapter,robust_residual_adapter-2ad3b9ffbf62,screen,5,10,0.0,1.0,0.0,0.0,0.0,0.0,0.0
eegmmidb,1,robust_residual_adapter,robust_residual_adapter-2c51a511fc83,screen,5,10,0.0,1.0,0.0,0.0,0.0,0.0,0.0
eegmmidb,1,robust_residual_adapter,robust_residual_adapter-2d59462de753,screen,5,10,0.0,1.0,0.0,0.0,0.0,0.0,0.0
eegmmidb,1,robust_residual_adapter,robust_residual_adapter-2da64f49c7fe,screen,5,10,0.0,1.0,0.0,0.0,0.0,0.0,0.0
eegmmidb,1,robust_residual_adapter,robust_residual_adapter-315c9d8282e6,screen,5,10,0.8,1.0,0.0,0.0,0.0,0.0,0.0
eegmmidb,1,robust_residual_adapter,robust_residual_adapter-346f250d78e3,full,30,60,0.8666666666666667,0.7666666666666667,0.003903508771929809,0.0,0.5333333333333333,0.0008068710892557777,0.23333333333333334
eegmmidb,1,robust_residual_adapter,robust_residual_adapter-346f250d78e3,screen,5,10,0.8,0.8,0.011666666666666626,0.0,0.6,0.0036753627076207595,0.2
eegmmidb,1,robust_residual_adapter,robust_residual_adapter-347ea6a7008c,screen,5,10,0.0,1.0,0.0,0.0,0.0,0.0,0.0
eegmmidb,1,robust_residual_adapter,robust_residual_adapter-3923cfe15922,screen,5,10,0.0,1.0,0.0,0.0,0.0,0.0,0.0
eegmmidb,1,robust_residual_adapter,robust_residual_adapter-3a0c4c0168d6,screen,5,10,0.0,1.0,0.0,0.0,0.0,0.0,0.0
eegmmidb,1,robust_residual_adapter,robust_residual_adapter-4290f73e9a6d,screen,5,10,0.0,1.0,0.0,0.0,0.0,0.0,0.0
eegmmidb,1,robust_residual_adapter,robust_residual_adapter-4454e937e0f8,screen,5,10,0.0,1.0,0.0,0.0,0.0,0.0,0.0
eegmmidb,1,robust_residual_adapter,robust_residual_adapter-447ad5fbbc74,screen,5,10,0.0,1.0,0.0,0.0,0.0,0.0,0.0
eegmmidb,1,robust_residual_adapter,robust_residual_adapter-4697532c49d3,screen,5,10,0.0,1.0,0.0,0.0,0.0,0.0,0.0
eegmmidb,1,robust_residual_adapter,robust_residual_adapter-49954ec03dfe,screen,5,10,0.8,0.8,-0.015000000000000036,0.008333333333333304,0.4,-0.00536631295696925,0.2
eegmmidb,1,robust_residual_adapter,robust_residual_adapter-4bf6f4d9d8bd,screen,5,10,0.8,1.0,0.0016666666666666607,0.0,0.2,0.000512820512820511,0.0
eegmmidb,1,robust_residual_adapter,robust_residual_adapter-4ee38e8f497d,screen,5,10,0.0,1.0,0.0,0.0,0.0,0.0,0.0
eegmmidb,1,robust_residual_adapter,robust_residual_adapter-52f4b0496586,screen,5,10,0.0,1.0,0.0,0.0,0.0,0.0,0.0
eegmmidb,1,robust_residual_adapter,robust_residual_adapter-54e4ae67fe96,screen,5,10,0.0,1.0,0.0,0.0,0.0,0.0,0.0
eegmmidb,1,robust_residual_adapter,robust_residual_adapter-57ca542d0d07,screen,5,10,0.0,1.0,0.0,0.0,0.0,0.0,0.0
eegmmidb,1,robust_residual_adapter,robust_residual_adapter-5891260e6122,screen,5,10,0.0,1.0,0.0,0.0,0.0,0.0,0.0
eegmmidb,1,robust_residual_adapter,robust_residual_adapter-5a9f0082f38d,screen,5,10,0.0,1.0,0.0,0.0,0.0,0.0,0.0
eegmmidb,1,robust_residual_adapter,robust_residual_adapter-5ac4f24014a4,screen,5,10,0.8,1.0,0.0033333333333333214,0.0,0.6,0.0004725238797819425,0.0
eegmmidb,1,robust_residual_adapter,robust_residual_adapter-611b5cab97e0,screen,5,10,0.0,1.0,0.0,0.0,0.0,0.0,0.0
eegmmidb,1,robust_residual_adapter,robust_residual_adapter-6cafa4365e12,screen,5,10,0.0,1.0,0.0,0.0,0.0,0.0,0.0
eegmmidb,1,robust_residual_adapter,robust_residual_adapter-6e3bc7245fb2,screen,5,10,0.0,1.0,0.0,0.0,0.0,0.0,0.0
eegmmidb,1,robust_residual_adapter,robust_residual_adapter-6e54d31acf02,full,30,60,0.8666666666666667,0.7666666666666667,0.003903508771929809,0.0,0.5333333333333333,0.0008068710892557777,0.23333333333333334
eegmmidb,1,robust_residual_adapter,robust_residual_adapter-6e54d31acf02,screen,5,10,0.8,0.8,0.011666666666666626,0.0,0.6,0.0036753627076207595,0.2
eegmmidb,1,robust_residual_adapter,robust_residual_adapter-6fed6ff5d282,screen,5,10,0.8,1.0,0.0,0.0,0.0,0.0,0.0
eegmmidb,1,robust_residual_adapter,robust_residual_adapter-713200d653b1,screen,5,10,0.0,1.0,0.0,0.0,0.0,0.0,0.0
eegmmidb,1,robust_residual_adapter,robust_residual_adapter-729e699224f4,screen,5,10,0.0,1.0,0.0,0.0,0.0,0.0,0.0
eegmmidb,1,robust_residual_adapter,robust_residual_adapter-74d7008fe0e3,screen,5,10,0.8,1.0,0.0033333333333333214,0.0,0.6,0.0004725238797819425,0.0
eegmmidb,1,robust_residual_adapter,robust_residual_adapter-767bb840c2da,screen,5,10,0.8,1.0,0.004999999999999982,0.0,0.6,0.00102197442923249,0.0
eegmmidb,1,robust_residual_adapter,robust_residual_adapter-77b994397baf,screen,5,10,0.0,1.0,0.0,0.0,0.0,0.0,0.0
eegmmidb,1,robust_residual_adapter,robust_residual_adapter-795a15228f62,screen,5,10,0.0,1.0,0.0,0.0,0.0,0.0,0.0
eegmmidb,1,robust_residual_adapter,robust_residual_adapter-7ae126920514,screen,5,10,0.8,1.0,0.0016666666666666607,0.0,0.2,0.000512820512820511,0.0
eegmmidb,1,robust_residual_adapter,robust_residual_adapter-7c802672cabf,screen,5,10,0.8,1.0,0.0,0.0,0.0,0.0,0.0
eegmmidb,1,robust_residual_adapter,robust_residual_adapter-7cd697259ffc,screen,5,10,0.8,1.0,0.0,0.0,0.0,0.0,0.0
eegmmidb,1,robust_residual_adapter,robust_residual_adapter-808e998f02ef,full,30,60,0.8666666666666667,0.7666666666666667,0.004181286549707586,0.0,0.5333333333333333,0.0009043369761953485,0.23333333333333334
eegmmidb,1,robust_residual_adapter,robust_residual_adapter-808e998f02ef,screen,5,10,0.8,0.8,0.011666666666666626,0.0,0.6,0.0036753627076207595,0.2
eegmmidb,1,robust_residual_adapter,robust_residual_adapter-81635b9b8859,screen,5,10,0.8,0.8,-0.015000000000000036,0.008333333333333304,0.4,-0.00536631295696925,0.2
eegmmidb,1,robust_residual_adapter,robust_residual_adapter-84d05e4804c7,screen,5,10,0.8,1.0,0.0,0.0,0.0,0.0,0.0
eegmmidb,1,robust_residual_adapter,robust_residual_adapter-873c96152a25,screen,5,10,0.8,1.0,0.0016666666666666607,0.0,0.2,0.000512820512820511,0.0
eegmmidb,1,robust_residual_adapter,robust_residual_adapter-93449664e240,screen,5,10,0.0,1.0,0.0,0.0,0.0,0.0,0.0
eegmmidb,1,robust_residual_adapter,robust_residual_adapter-93ae432f20f8,screen,5,10,0.0,1.0,0.0,0.0,0.0,0.0,0.0
eegmmidb,1,robust_residual_adapter,robust_residual_adapter-93f6280bb4c8,screen,5,10,0.0,1.0,0.0,0.0,0.0,0.0,0.0
eegmmidb,1,robust_residual_adapter,robust_residual_adapter-a1c07080b118,screen,5,10,0.8,1.0,0.0,0.0,0.0,0.0,0.0
eegmmidb,1,robust_residual_adapter,robust_residual_adapter-a3435345e5e9,screen,5,10,0.0,1.0,0.0,0.0,0.0,0.0,0.0
eegmmidb,1,robust_residual_adapter,robust_residual_adapter-a4da2f80d3e5,screen,5,10,0.8,1.0,0.0033333333333333214,0.0,0.6,0.0004725238797819425,0.0
eegmmidb,1,robust_residual_adapter,robust_residual_adapter-af85a8b63f29,screen,5,10,0.0,1.0,0.0,0.0,0.0,0.0,0.0
eegmmidb,1,robust_residual_adapter,robust_residual_adapter-b49494405d84,screen,5,10,0.0,1.0,0.0,0.0,0.0,0.0,0.0
eegmmidb,1,robust_residual_adapter,robust_residual_adapter-b5c5fea8efb0,screen,5,10,0.0,1.0,0.0,0.0,0.0,0.0,0.0
eegmmidb,1,robust_residual_adapter,robust_residual_adapter-b928650c17c2,screen,5,10,0.0,1.0,0.0,0.0,0.0,0.0,0.0
eegmmidb,1,robust_residual_adapter,robust_residual_adapter-c2259f90f700,screen,5,10,0.0,1.0,0.0,0.0,0.0,0.0,0.0
eegmmidb,1,robust_residual_adapter,robust_residual_adapter-c57fb28bc115,screen,5,10,0.0,1.0,0.0,0.0,0.0,0.0,0.0
eegmmidb,1,robust_residual_adapter,robust_residual_adapter-d07a79671dd4,screen,5,10,0.0,1.0,0.0,0.0,0.0,0.0,0.0
eegmmidb,1,robust_residual_adapter,robust_residual_adapter-d2667f23ec3e,screen,5,10,0.0,1.0,0.0,0.0,0.0,0.0,0.0
eegmmidb,1,robust_residual_adapter,robust_residual_adapter-d7b8f3cdfb05,screen,5,10,0.0,1.0,0.0,0.0,0.0,0.0,0.0
eegmmidb,1,robust_residual_adapter,robust_residual_adapter-d861b8fa6026,screen,5,10,0.8,1.0,0.004999999999999982,0.0,0.6,0.00102197442923249,0.0
eegmmidb,1,robust_residual_adapter,robust_residual_adapter-d96b3a8ccc78,screen,5,10,0.0,1.0,0.0,0.0,0.0,0.0,0.0
eegmmidb,1,robust_residual_adapter,robust_residual_adapter-da505056854e,screen,5,10,0.0,1.0,0.0,0.0,0.0,0.0,0.0
eegmmidb,1,robust_residual_adapter,robust_residual_adapter-e07d240e114d,screen,5,10,0.0,1.0,0.0,0.0,0.0,0.0,0.0
eegmmidb,1,robust_residual_adapter,robust_residual_adapter-e0c374bf31de,screen,5,10,0.0,1.0,0.0,0.0,0.0,0.0,0.0
eegmmidb,1,robust_residual_adapter,robust_residual_adapter-e19b5c78110b,screen,5,10,0.8,1.0,0.0,0.0,0.0,0.0,0.0
eegmmidb,1,robust_residual_adapter,robust_residual_adapter-e47abe2e3f95,screen,5,10,0.0,1.0,0.0,0.0,0.0,0.0,0.0
eegmmidb,1,robust_residual_adapter,robust_residual_adapter-e7baf271ea28,screen,5,10,0.0,1.0,0.0,0.0,0.0,0.0,0.0
eegmmidb,1,robust_residual_adapter,robust_residual_adapter-eb848adad861,screen,5,10,0.0,1.0,0.0,0.0,0.0,0.0,0.0
eegmmidb,1,robust_residual_adapter,robust_residual_adapter-f5dd3b59939d,screen,5,10,0.0,1.0,0.0,0.0,0.0,0.0,0.0
eegmmidb,1,robust_residual_adapter,robust_residual_adapter-f87e3cb66488,screen,5,10,0.8,1.0,0.0,0.0,0.0,0.0,0.0
eegmmidb,1,robust_residual_adapter,robust_residual_adapter-fa6b0757f840,screen,5,10,0.0,1.0,0.0,0.0,0.0,0.0,0.0
eegmmidb,1,robust_residual_adapter,robust_residual_adapter-fb66260eee84,screen,5,10,0.0,1.0,0.0,0.0,0.0,0.0,0.0
eegmmidb,2,official_t3a,official_t3a-06d8b003eb93,full,30,60,0.0,1.0,0.0,0.0,0.0,0.0,0.0
eegmmidb,2,official_t3a,official_t3a-06d8b003eb93,screen,5,10,0.0,1.0,0.0,0.0,0.0,0.0,0.0
eegmmidb,2,official_t3a,official_t3a-0ad43336d54d,full,30,60,0.0,1.0,0.0,0.0,0.0,0.0,0.0
eegmmidb,2,official_t3a,official_t3a-0ad43336d54d,screen,5,10,0.0,1.0,0.0,0.0,0.0,0.0,0.0
eegmmidb,2,official_t3a,official_t3a-0e621b80ffab,full,30,60,0.0,1.0,0.0,0.0,0.0,0.0,0.0
eegmmidb,2,official_t3a,official_t3a-0e621b80ffab,screen,5,10,0.0,1.0,0.0,0.0,0.0,0.0,0.0
eegmmidb,2,official_t3a,official_t3a-13d4c0513513,full,30,60,0.0,1.0,0.0,0.0,0.0,0.0,0.0
eegmmidb,2,official_t3a,official_t3a-13d4c0513513,screen,5,10,0.0,1.0,0.0,0.0,0.0,0.0,0.0
eegmmidb,2,official_t3a,official_t3a-144500a6c2c9,screen,5,10,0.0,1.0,0.0,0.0,0.0,0.0,0.0
eegmmidb,2,official_t3a,official_t3a-15d1c1238f85,screen,5,10,0.0,1.0,0.0,0.0,0.0,0.0,0.0
eegmmidb,2,official_t3a,official_t3a-160151fe47b0,screen,5,10,0.0,1.0,0.0,0.0,0.0,0.0,0.0
eegmmidb,2,official_t3a,official_t3a-19d755d81622,screen,5,10,0.0,1.0,0.0,0.0,0.0,0.0,0.0
eegmmidb,2,official_t3a,official_t3a-1b21f505fa19,screen,5,10,0.0,1.0,0.0,0.0,0.0,0.0,0.0
eegmmidb,2,official_t3a,official_t3a-1cd8f78ab3b9,screen,5,10,0.0,1.0,0.0,0.0,0.0,0.0,0.0
eegmmidb,2,official_t3a,official_t3a-33e1e1533a51,screen,5,10,0.0,1.0,0.0,0.0,0.0,0.0,0.0
eegmmidb,2,official_t3a,official_t3a-3c65a4b467bf,screen,5,10,0.0,1.0,0.0,0.0,0.0,0.0,0.0
eegmmidb,2,official_t3a,official_t3a-3d0042962596,screen,5,10,0.0,1.0,0.0,0.0,0.0,0.0,0.0
eegmmidb,2,official_t3a,official_t3a-43075eda5955,screen,5,10,0.0,1.0,0.0,0.0,0.0,0.0,0.0
eegmmidb,2,official_t3a,official_t3a-440f320260e9,screen,5,10,0.0,1.0,0.0,0.0,0.0,0.0,0.0
eegmmidb,2,official_t3a,official_t3a-479b6b536039,screen,5,10,0.0,1.0,0.0,0.0,0.0,0.0,0.0
eegmmidb,2,official_t3a,official_t3a-4d02344bcd4c,screen,5,10,0.0,1.0,0.0,0.0,0.0,0.0,0.0
eegmmidb,2,official_t3a,official_t3a-4e5a4bec08c8,screen,5,10,0.0,1.0,0.0,0.0,0.0,0.0,0.0
eegmmidb,2,official_t3a,official_t3a-5346e45e4b51,screen,5,10,0.0,1.0,0.0,0.0,0.0,0.0,0.0
eegmmidb,2,official_t3a,official_t3a-657ab5cee244,screen,5,10,0.0,1.0,0.0,0.0,0.0,0.0,0.0
eegmmidb,2,official_t3a,official_t3a-66cffaa0cfbf,screen,5,10,0.0,1.0,0.0,0.0,0.0,0.0,0.0
eegmmidb,2,official_t3a,official_t3a-681aff0cf518,screen,5,10,0.0,1.0,0.0,0.0,0.0,0.0,0.0
eegmmidb,2,official_t3a,official_t3a-6a7d74f43497,screen,5,10,0.0,1.0,0.0,0.0,0.0,0.0,0.0
eegmmidb,2,official_t3a,official_t3a-6c35d4c73d3b,screen,5,10,0.0,1.0,0.0,0.0,0.0,0.0,0.0
eegmmidb,2,official_t3a,official_t3a-7375bfddb4ab,screen,5,10,0.0,1.0,0.0,0.0,0.0,0.0,0.0
eegmmidb,2,official_t3a,official_t3a-74f4030be5f2,screen,5,10,0.0,1.0,0.0,0.0,0.0,0.0,0.0
eegmmidb,2,official_t3a,official_t3a-7f612f134cb1,screen,5,10,0.0,1.0,0.0,0.0,0.0,0.0,0.0
eegmmidb,2,official_t3a,official_t3a-800df3f5aa78,screen,5,10,0.0,1.0,0.0,0.0,0.0,0.0,0.0
eegmmidb,2,official_t3a,official_t3a-8434a102ab54,screen,5,10,0.0,1.0,0.0,0.0,0.0,0.0,0.0
eegmmidb,2,official_t3a,official_t3a-86e1d9fb207d,screen,5,10,0.0,1.0,0.0,0.0,0.0,0.0,0.0
eegmmidb,2,official_t3a,official_t3a-88a4a49a2a8e,screen,5,10,0.0,1.0,0.0,0.0,0.0,0.0,0.0
eegmmidb,2,official_t3a,official_t3a-89096a110557,screen,5,10,0.0,1.0,0.0,0.0,0.0,0.0,0.0
eegmmidb,2,official_t3a,official_t3a-8c3c9be668a5,screen,5,10,0.0,1.0,0.0,0.0,0.0,0.0,0.0
eegmmidb,2,official_t3a,official_t3a-8c75502a746d,screen,5,10,0.0,1.0,0.0,0.0,0.0,0.0,0.0
eegmmidb,2,official_t3a,official_t3a-8e12c98fe2f1,screen,5,10,0.0,1.0,0.0,0.0,0.0,0.0,0.0
eegmmidb,2,official_t3a,official_t3a-8eb90e7c0e56,screen,5,10,0.0,1.0,0.0,0.0,0.0,0.0,0.0
eegmmidb,2,official_t3a,official_t3a-8ffd0b99f4d8,screen,5,10,0.0,1.0,0.0,0.0,0.0,0.0,0.0
eegmmidb,2,official_t3a,official_t3a-9b4d8e898405,screen,5,10,0.0,1.0,0.0,0.0,0.0,0.0,0.0
eegmmidb,2,official_t3a,official_t3a-9e453931e045,screen,5,10,0.0,1.0,0.0,0.0,0.0,0.0,0.0
eegmmidb,2,official_t3a,official_t3a-9f2adcc7c346,screen,5,10,0.0,1.0,0.0,0.0,0.0,0.0,0.0
eegmmidb,2,official_t3a,official_t3a-a5457bfbb0ed,screen,5,10,0.0,1.0,0.0,0.0,0.0,0.0,0.0
eegmmidb,2,official_t3a,official_t3a-aba59f0fa928,screen,5,10,0.0,1.0,0.0,0.0,0.0,0.0,0.0
eegmmidb,2,official_t3a,official_t3a-ac131ecdd989,screen,5,10,0.0,1.0,0.0,0.0,0.0,0.0,0.0
eegmmidb,2,official_t3a,official_t3a-ac2100936275,screen,5,10,0.0,1.0,0.0,0.0,0.0,0.0,0.0
eegmmidb,2,official_t3a,official_t3a-b4c42dd0a2b2,screen,5,10,0.0,1.0,0.0,0.0,0.0,0.0,0.0
eegmmidb,2,official_t3a,official_t3a-b7821f677537,screen,5,10,0.0,1.0,0.0,0.0,0.0,0.0,0.0
eegmmidb,2,official_t3a,official_t3a-bafa26fe5adc,screen,5,10,0.0,1.0,0.0,0.0,0.0,0.0,0.0
eegmmidb,2,official_t3a,official_t3a-bbc0d395e0c6,screen,5,10,0.0,1.0,0.0,0.0,0.0,0.0,0.0
eegmmidb,2,official_t3a,official_t3a-be26e63ecbf7,screen,5,10,0.0,1.0,0.0,0.0,0.0,0.0,0.0
eegmmidb,2,official_t3a,official_t3a-c5ff83c3a0b1,screen,5,10,0.0,1.0,0.0,0.0,0.0,0.0,0.0
eegmmidb,2,official_t3a,official_t3a-cd5be7375938,screen,5,10,0.0,1.0,0.0,0.0,0.0,0.0,0.0
eegmmidb,2,official_t3a,official_t3a-cec079630f68,screen,5,10,0.0,1.0,0.0,0.0,0.0,0.0,0.0
eegmmidb,2,official_t3a,official_t3a-d46382cf9803,screen,5,10,0.0,1.0,0.0,0.0,0.0,0.0,0.0
eegmmidb,2,official_t3a,official_t3a-d62bace2bfe1,screen,5,10,0.0,1.0,0.0,0.0,0.0,0.0,0.0
eegmmidb,2,official_t3a,official_t3a-d93a90f59066,screen,5,10,0.0,1.0,0.0,0.0,0.0,0.0,0.0
eegmmidb,2,official_t3a,official_t3a-e05a261d1720,screen,5,10,0.0,1.0,0.0,0.0,0.0,0.0,0.0
eegmmidb,2,official_t3a,official_t3a-e3c7beac6aa7,screen,5,10,0.0,1.0,0.0,0.0,0.0,0.0,0.0
eegmmidb,2,official_t3a,official_t3a-f211f862380d,screen,5,10,0.0,1.0,0.0,0.0,0.0,0.0,0.0
eegmmidb,2,official_t3a,official_t3a-f6864009b48b,screen,5,10,0.0,1.0,0.0,0.0,0.0,0.0,0.0
eegmmidb,2,official_t3a,official_t3a-f79372df9a41,screen,5,10,0.0,1.0,0.0,0.0,0.0,0.0,0.0
eegmmidb,2,official_t3a,official_t3a-fc4eeaf2d3a3,screen,5,10,0.0,1.0,0.0,0.0,0.0,0.0,0.0
eegmmidb,2,official_t3a,official_t3a-fcdc8da0c1ef,screen,5,10,0.0,1.0,0.0,0.0,0.0,0.0,0.0
eegmmidb,2,official_t3a,official_t3a-fe8d884d7f16,screen,5,10,0.0,1.0,0.0,0.0,0.0,0.0,0.0
eegmmidb,2,official_t3a,official_t3a-fea4eb15f49c,screen,5,10,0.0,1.0,0.0,0.0,0.0,0.0,0.0
eegmmidb,2,robust_residual_adapter,robust_residual_adapter-0903d909f1e8,screen,5,10,0.6,1.0,-0.018333333333333358,0.0,0.0,-0.005392156862745105,0.0
eegmmidb,2,robust_residual_adapter,robust_residual_adapter-0f51833db605,screen,5,10,0.0,1.0,0.0,0.0,0.0,0.0,0.0
eegmmidb,2,robust_residual_adapter,robust_residual_adapter-0fc0ca7c17b4,screen,5,10,0.0,1.0,0.0,0.0,0.0,0.0,0.0
eegmmidb,2,robust_residual_adapter,robust_residual_adapter-1031190f5df8,full,30,60,0.8666666666666667,0.9666666666666667,0.0002777777777777768,0.0,0.03333333333333333,8.771929824561373e-05,0.03333333333333333
eegmmidb,2,robust_residual_adapter,robust_residual_adapter-1031190f5df8,screen,5,10,0.6,1.0,0.0,0.0,0.0,0.0,0.0
eegmmidb,2,robust_residual_adapter,robust_residual_adapter-114da071ca14,screen,5,10,0.0,1.0,0.0,0.0,0.0,0.0,0.0
eegmmidb,2,robust_residual_adapter,robust_residual_adapter-11bea6b7aae8,screen,5,10,0.0,1.0,0.0,0.0,0.0,0.0,0.0
eegmmidb,2,robust_residual_adapter,robust_residual_adapter-18e58b1e3304,screen,5,10,0.6,1.0,-0.03500000000000001,0.0,0.2,-0.012313142798985172,0.0
eegmmidb,2,robust_residual_adapter,robust_residual_adapter-1cb202cc9d25,screen,5,10,0.0,1.0,0.0,0.0,0.0,0.0,0.0
eegmmidb,2,robust_residual_adapter,robust_residual_adapter-210e5f3879e9,screen,5,10,0.6,1.0,-0.018333333333333358,0.0,0.0,-0.005392156862745105,0.0
eegmmidb,2,robust_residual_adapter,robust_residual_adapter-211892d39d6a,full,30,60,0.8666666666666667,0.9666666666666667,0.0002777777777777768,0.0,0.03333333333333333,8.771929824561373e-05,0.03333333333333333
eegmmidb,2,robust_residual_adapter,robust_residual_adapter-211892d39d6a,screen,5,10,0.6,1.0,0.0,0.0,0.0,0.0,0.0
eegmmidb,2,robust_residual_adapter,robust_residual_adapter-222e9cfab599,screen,5,10,0.0,1.0,0.0,0.0,0.0,0.0,0.0
eegmmidb,2,robust_residual_adapter,robust_residual_adapter-23484698f18c,screen,5,10,0.6,1.0,-0.016666666666666698,0.0,0.4,-0.0045233735534071255,0.0
eegmmidb,2,robust_residual_adapter,robust_residual_adapter-2813104a4458,screen,5,10,0.0,1.0,0.0,0.0,0.0,0.0,0.0
eegmmidb,2,robust_residual_adapter,robust_residual_adapter-2ad3b9ffbf62,screen,5,10,0.0,1.0,0.0,0.0,0.0,0.0,0.0
eegmmidb,2,robust_residual_adapter,robust_residual_adapter-2c51a511fc83,screen,5,10,0.0,1.0,0.0,0.0,0.0,0.0,0.0
eegmmidb,2,robust_residual_adapter,robust_residual_adapter-2d59462de753,screen,5,10,0.0,1.0,0.0,0.0,0.0,0.0,0.0
eegmmidb,2,robust_residual_adapter,robust_residual_adapter-2da64f49c7fe,screen,5,10,0.0,1.0,0.0,0.0,0.0,0.0,0.0
eegmmidb,2,robust_residual_adapter,robust_residual_adapter-315c9d8282e6,full,30,60,0.8666666666666667,0.9333333333333333,-0.004166666666666667,0.0,0.1,-0.0014057497451004273,0.06666666666666667
eegmmidb,2,robust_residual_adapter,robust_residual_adapter-315c9d8282e6,screen,5,10,0.6,1.0,0.0,0.0,0.0,0.0,0.0
eegmmidb,2,robust_residual_adapter,robust_residual_adapter-346f250d78e3,screen,5,10,0.6,1.0,-0.015000000000000036,0.0,0.4,-0.00432362497927868,0.0
eegmmidb,2,robust_residual_adapter,robust_residual_adapter-347ea6a7008c,screen,5,10,0.0,1.0,0.0,0.0,0.0,0.0,0.0
eegmmidb,2,robust_residual_adapter,robust_residual_adapter-3923cfe15922,screen,5,10,0.0,1.0,0.0,0.0,0.0,0.0,0.0
eegmmidb,2,robust_residual_adapter,robust_residual_adapter-3a0c4c0168d6,screen,5,10,0.0,1.0,0.0,0.0,0.0,0.0,0.0
eegmmidb,2,robust_residual_adapter,robust_residual_adapter-4290f73e9a6d,screen,5,10,0.0,1.0,0.0,0.0,0.0,0.0,0.0
eegmmidb,2,robust_residual_adapter,robust_residual_adapter-4454e937e0f8,screen,5,10,0.0,1.0,0.0,0.0,0.0,0.0,0.0
eegmmidb,2,robust_residual_adapter,robust_residual_adapter-447ad5fbbc74,screen,5,10,0.0,1.0,0.0,0.0,0.0,0.0,0.0
eegmmidb,2,robust_residual_adapter,robust_residual_adapter-4697532c49d3,screen,5,10,0.0,1.0,0.0,0.0,0.0,0.0,0.0
eegmmidb,2,robust_residual_adapter,robust_residual_adapter-49954ec03dfe,screen,5,10,0.6,1.0,-0.03500000000000001,0.0,0.2,-0.012313142798985172,0.0
eegmmidb,2,robust_residual_adapter,robust_residual_adapter-4bf6f4d9d8bd,screen,5,10,0.6,1.0,-0.018333333333333358,0.0,0.0,-0.005392156862745105,0.0
eegmmidb,2,robust_residual_adapter,robust_residual_adapter-4ee38e8f497d,screen,5,10,0.0,1.0,0.0,0.0,0.0,0.0,0.0
eegmmidb,2,robust_residual_adapter,robust_residual_adapter-52f4b0496586,screen,5,10,0.0,1.0,0.0,0.0,0.0,0.0,0.0
eegmmidb,2,robust_residual_adapter,robust_residual_adapter-54e4ae67fe96,screen,5,10,0.0,1.0,0.0,0.0,0.0,0.0,0.0
eegmmidb,2,robust_residual_adapter,robust_residual_adapter-57ca542d0d07,screen,5,10,0.0,1.0,0.0,0.0,0.0,0.0,0.0
eegmmidb,2,robust_residual_adapter,robust_residual_adapter-5891260e6122,screen,5,10,0.0,1.0,0.0,0.0,0.0,0.0,0.0
eegmmidb,2,robust_residual_adapter,robust_residual_adapter-5a9f0082f38d,screen,5,10,0.0,1.0,0.0,0.0,0.0,0.0,0.0
eegmmidb,2,robust_residual_adapter,robust_residual_adapter-5ac4f24014a4,screen,5,10,0.6,1.0,-0.018333333333333358,0.0,0.0,-0.005392156862745105,0.0
eegmmidb,2,robust_residual_adapter,robust_residual_adapter-611b5cab97e0,screen,5,10,0.0,1.0,0.0,0.0,0.0,0.0,0.0
eegmmidb,2,robust_residual_adapter,robust_residual_adapter-6cafa4365e12,screen,5,10,0.0,1.0,0.0,0.0,0.0,0.0,0.0
eegmmidb,2,robust_residual_adapter,robust_residual_adapter-6e3bc7245fb2,screen,5,10,0.0,1.0,0.0,0.0,0.0,0.0,0.0
eegmmidb,2,robust_residual_adapter,robust_residual_adapter-6e54d31acf02,screen,5,10,0.6,1.0,-0.015000000000000036,0.0,0.4,-0.00432362497927868,0.0
eegmmidb,2,robust_residual_adapter,robust_residual_adapter-6fed6ff5d282,full,30,60,0.8666666666666667,0.9333333333333333,-0.004166666666666667,0.0,0.1,-0.0014057497451004273,0.06666666666666667
eegmmidb,2,robust_residual_adapter,robust_residual_adapter-6fed6ff5d282,screen,5,10,0.6,1.0,0.0,0.0,0.0,0.0,0.0
eegmmidb,2,robust_residual_adapter,robust_residual_adapter-713200d653b1,screen,5,10,0.0,1.0,0.0,0.0,0.0,0.0,0.0
eegmmidb,2,robust_residual_adapter,robust_residual_adapter-729e699224f4,screen,5,10,0.0,1.0,0.0,0.0,0.0,0.0,0.0
eegmmidb,2,robust_residual_adapter,robust_residual_adapter-74d7008fe0e3,screen,5,10,0.6,1.0,-0.018333333333333358,0.0,0.0,-0.005392156862745105,0.0
eegmmidb,2,robust_residual_adapter,robust_residual_adapter-767bb840c2da,screen,5,10,0.6,1.0,-0.016666666666666698,0.0,0.4,-0.0045233735534071255,0.0
eegmmidb,2,robust_residual_adapter,robust_residual_adapter-77b994397baf,screen,5,10,0.0,1.0,0.0,0.0,0.0,0.0,0.0
eegmmidb,2,robust_residual_adapter,robust_residual_adapter-795a15228f62,screen,5,10,0.0,1.0,0.0,0.0,0.0,0.0,0.0
eegmmidb,2,robust_residual_adapter,robust_residual_adapter-7ae126920514,screen,5,10,0.6,1.0,-0.018333333333333358,0.0,0.0,-0.005392156862745105,0.0
eegmmidb,2,robust_residual_adapter,robust_residual_adapter-7c802672cabf,screen,5,10,0.6,1.0,0.0,0.0,0.0,0.0,0.0
eegmmidb,2,robust_residual_adapter,robust_residual_adapter-7cd697259ffc,screen,5,10,0.6,1.0,-0.018333333333333358,0.0,0.0,-0.005392156862745105,0.0
eegmmidb,2,robust_residual_adapter,robust_residual_adapter-808e998f02ef,screen,5,10,0.6,1.0,-0.015000000000000036,0.0,0.4,-0.00432362497927868,0.0
eegmmidb,2,robust_residual_adapter,robust_residual_adapter-81635b9b8859,screen,5,10,0.6,1.0,-0.03500000000000001,0.0,0.2,-0.012313142798985172,0.0
eegmmidb,2,robust_residual_adapter,robust_residual_adapter-84d05e4804c7,screen,5,10,0.6,1.0,-0.018333333333333358,0.0,0.0,-0.005392156862745105,0.0
eegmmidb,2,robust_residual_adapter,robust_residual_adapter-873c96152a25,screen,5,10,0.6,1.0,-0.018333333333333358,0.0,0.0,-0.005392156862745105,0.0
eegmmidb,2,robust_residual_adapter,robust_residual_adapter-93449664e240,screen,5,10,0.0,1.0,0.0,0.0,0.0,0.0,0.0
eegmmidb,2,robust_residual_adapter,robust_residual_adapter-93ae432f20f8,screen,5,10,0.0,1.0,0.0,0.0,0.0,0.0,0.0
eegmmidb,2,robust_residual_adapter,robust_residual_adapter-93f6280bb4c8,screen,5,10,0.0,1.0,0.0,0.0,0.0,0.0,0.0
eegmmidb,2,robust_residual_adapter,robust_residual_adapter-a1c07080b118,screen,5,10,0.6,1.0,-0.018333333333333358,0.0,0.0,-0.005392156862745105,0.0
eegmmidb,2,robust_residual_adapter,robust_residual_adapter-a3435345e5e9,screen,5,10,0.0,1.0,0.0,0.0,0.0,0.0,0.0
eegmmidb,2,robust_residual_adapter,robust_residual_adapter-a4da2f80d3e5,screen,5,10,0.6,1.0,-0.018333333333333358,0.0,0.0,-0.005392156862745105,0.0
eegmmidb,2,robust_residual_adapter,robust_residual_adapter-af85a8b63f29,screen,5,10,0.0,1.0,0.0,0.0,0.0,0.0,0.0
eegmmidb,2,robust_residual_adapter,robust_residual_adapter-b49494405d84,screen,5,10,0.0,1.0,0.0,0.0,0.0,0.0,0.0
eegmmidb,2,robust_residual_adapter,robust_residual_adapter-b5c5fea8efb0,screen,5,10,0.0,1.0,0.0,0.0,0.0,0.0,0.0
eegmmidb,2,robust_residual_adapter,robust_residual_adapter-b928650c17c2,screen,5,10,0.0,1.0,0.0,0.0,0.0,0.0,0.0
eegmmidb,2,robust_residual_adapter,robust_residual_adapter-c2259f90f700,screen,5,10,0.0,1.0,0.0,0.0,0.0,0.0,0.0
eegmmidb,2,robust_residual_adapter,robust_residual_adapter-c57fb28bc115,screen,5,10,0.0,1.0,0.0,0.0,0.0,0.0,0.0
eegmmidb,2,robust_residual_adapter,robust_residual_adapter-d07a79671dd4,screen,5,10,0.0,1.0,0.0,0.0,0.0,0.0,0.0
eegmmidb,2,robust_residual_adapter,robust_residual_adapter-d2667f23ec3e,screen,5,10,0.0,1.0,0.0,0.0,0.0,0.0,0.0
eegmmidb,2,robust_residual_adapter,robust_residual_adapter-d7b8f3cdfb05,screen,5,10,0.0,1.0,0.0,0.0,0.0,0.0,0.0
eegmmidb,2,robust_residual_adapter,robust_residual_adapter-d861b8fa6026,screen,5,10,0.6,1.0,-0.016666666666666698,0.0,0.4,-0.0045233735534071255,0.0
eegmmidb,2,robust_residual_adapter,robust_residual_adapter-d96b3a8ccc78,screen,5,10,0.0,1.0,0.0,0.0,0.0,0.0,0.0
eegmmidb,2,robust_residual_adapter,robust_residual_adapter-da505056854e,screen,5,10,0.0,1.0,0.0,0.0,0.0,0.0,0.0
eegmmidb,2,robust_residual_adapter,robust_residual_adapter-e07d240e114d,screen,5,10,0.0,1.0,0.0,0.0,0.0,0.0,0.0
eegmmidb,2,robust_residual_adapter,robust_residual_adapter-e0c374bf31de,screen,5,10,0.0,1.0,0.0,0.0,0.0,0.0,0.0
eegmmidb,2,robust_residual_adapter,robust_residual_adapter-e19b5c78110b,screen,5,10,0.6,1.0,0.0,0.0,0.0,0.0,0.0
eegmmidb,2,robust_residual_adapter,robust_residual_adapter-e47abe2e3f95,screen,5,10,0.0,1.0,0.0,0.0,0.0,0.0,0.0
eegmmidb,2,robust_residual_adapter,robust_residual_adapter-e7baf271ea28,screen,5,10,0.0,1.0,0.0,0.0,0.0,0.0,0.0
eegmmidb,2,robust_residual_adapter,robust_residual_adapter-eb848adad861,screen,5,10,0.0,1.0,0.0,0.0,0.0,0.0,0.0
eegmmidb,2,robust_residual_adapter,robust_residual_adapter-f5dd3b59939d,screen,5,10,0.0,1.0,0.0,0.0,0.0,0.0,0.0
eegmmidb,2,robust_residual_adapter,robust_residual_adapter-f87e3cb66488,screen,5,10,0.6,1.0,-0.018333333333333358,0.0,0.0,-0.005392156862745105,0.0
eegmmidb,2,robust_residual_adapter,robust_residual_adapter-fa6b0757f840,screen,5,10,0.0,1.0,0.0,0.0,0.0,0.0,0.0
eegmmidb,2,robust_residual_adapter,robust_residual_adapter-fb66260eee84,screen,5,10,0.0,1.0,0.0,0.0,0.0,0.0,0.0
eegmmidb,3,official_t3a,official_t3a-06d8b003eb93,full,30,60,0.0,1.0,0.0,0.0,0.0,0.0,0.0
eegmmidb,3,official_t3a,official_t3a-06d8b003eb93,screen,5,10,0.0,1.0,0.0,0.0,0.0,0.0,0.0
eegmmidb,3,official_t3a,official_t3a-0ad43336d54d,full,30,60,0.0,1.0,0.0,0.0,0.0,0.0,0.0
eegmmidb,3,official_t3a,official_t3a-0ad43336d54d,screen,5,10,0.0,1.0,0.0,0.0,0.0,0.0,0.0
eegmmidb,3,official_t3a,official_t3a-0e621b80ffab,full,30,60,0.0,1.0,0.0,0.0,0.0,0.0,0.0
eegmmidb,3,official_t3a,official_t3a-0e621b80ffab,screen,5,10,0.0,1.0,0.0,0.0,0.0,0.0,0.0
eegmmidb,3,official_t3a,official_t3a-13d4c0513513,full,30,60,0.0,1.0,0.0,0.0,0.0,0.0,0.0
eegmmidb,3,official_t3a,official_t3a-13d4c0513513,screen,5,10,0.0,1.0,0.0,0.0,0.0,0.0,0.0
eegmmidb,3,official_t3a,official_t3a-144500a6c2c9,screen,5,10,0.0,1.0,0.0,0.0,0.0,0.0,0.0
eegmmidb,3,official_t3a,official_t3a-15d1c1238f85,screen,5,10,0.0,1.0,0.0,0.0,0.0,0.0,0.0
eegmmidb,3,official_t3a,official_t3a-160151fe47b0,screen,5,10,0.0,1.0,0.0,0.0,0.0,0.0,0.0
eegmmidb,3,official_t3a,official_t3a-19d755d81622,screen,5,10,0.0,1.0,0.0,0.0,0.0,0.0,0.0
eegmmidb,3,official_t3a,official_t3a-1b21f505fa19,screen,5,10,0.0,1.0,0.0,0.0,0.0,0.0,0.0
eegmmidb,3,official_t3a,official_t3a-1cd8f78ab3b9,screen,5,10,0.0,1.0,0.0,0.0,0.0,0.0,0.0
eegmmidb,3,official_t3a,official_t3a-33e1e1533a51,screen,5,10,0.0,1.0,0.0,0.0,0.0,0.0,0.0
eegmmidb,3,official_t3a,official_t3a-3c65a4b467bf,screen,5,10,0.0,1.0,0.0,0.0,0.0,0.0,0.0
eegmmidb,3,official_t3a,official_t3a-3d0042962596,screen,5,10,0.0,1.0,0.0,0.0,0.0,0.0,0.0
eegmmidb,3,official_t3a,official_t3a-43075eda5955,screen,5,10,0.0,1.0,0.0,0.0,0.0,0.0,0.0
eegmmidb,3,official_t3a,official_t3a-440f320260e9,screen,5,10,0.0,1.0,0.0,0.0,0.0,0.0,0.0
eegmmidb,3,official_t3a,official_t3a-479b6b536039,screen,5,10,0.0,1.0,0.0,0.0,0.0,0.0,0.0
eegmmidb,3,official_t3a,official_t3a-4d02344bcd4c,screen,5,10,0.0,1.0,0.0,0.0,0.0,0.0,0.0
eegmmidb,3,official_t3a,official_t3a-4e5a4bec08c8,screen,5,10,0.0,1.0,0.0,0.0,0.0,0.0,0.0
eegmmidb,3,official_t3a,official_t3a-5346e45e4b51,screen,5,10,0.0,1.0,0.0,0.0,0.0,0.0,0.0
eegmmidb,3,official_t3a,official_t3a-657ab5cee244,screen,5,10,0.0,1.0,0.0,0.0,0.0,0.0,0.0
eegmmidb,3,official_t3a,official_t3a-66cffaa0cfbf,screen,5,10,0.0,1.0,0.0,0.0,0.0,0.0,0.0
eegmmidb,3,official_t3a,official_t3a-681aff0cf518,screen,5,10,0.0,1.0,0.0,0.0,0.0,0.0,0.0
eegmmidb,3,official_t3a,official_t3a-6a7d74f43497,screen,5,10,0.0,1.0,0.0,0.0,0.0,0.0,0.0
eegmmidb,3,official_t3a,official_t3a-6c35d4c73d3b,screen,5,10,0.0,1.0,0.0,0.0,0.0,0.0,0.0
eegmmidb,3,official_t3a,official_t3a-7375bfddb4ab,screen,5,10,0.0,1.0,0.0,0.0,0.0,0.0,0.0
eegmmidb,3,official_t3a,official_t3a-74f4030be5f2,screen,5,10,0.0,1.0,0.0,0.0,0.0,0.0,0.0
eegmmidb,3,official_t3a,official_t3a-7f612f134cb1,screen,5,10,0.0,1.0,0.0,0.0,0.0,0.0,0.0
eegmmidb,3,official_t3a,official_t3a-800df3f5aa78,screen,5,10,0.0,1.0,0.0,0.0,0.0,0.0,0.0
eegmmidb,3,official_t3a,official_t3a-8434a102ab54,screen,5,10,0.0,1.0,0.0,0.0,0.0,0.0,0.0
eegmmidb,3,official_t3a,official_t3a-86e1d9fb207d,screen,5,10,0.0,1.0,0.0,0.0,0.0,0.0,0.0
eegmmidb,3,official_t3a,official_t3a-88a4a49a2a8e,screen,5,10,0.0,1.0,0.0,0.0,0.0,0.0,0.0
eegmmidb,3,official_t3a,official_t3a-89096a110557,screen,5,10,0.0,1.0,0.0,0.0,0.0,0.0,0.0
eegmmidb,3,official_t3a,official_t3a-8c3c9be668a5,screen,5,10,0.0,1.0,0.0,0.0,0.0,0.0,0.0
eegmmidb,3,official_t3a,official_t3a-8c75502a746d,screen,5,10,0.0,1.0,0.0,0.0,0.0,0.0,0.0
eegmmidb,3,official_t3a,official_t3a-8e12c98fe2f1,screen,5,10,0.0,1.0,0.0,0.0,0.0,0.0,0.0
eegmmidb,3,official_t3a,official_t3a-8eb90e7c0e56,screen,5,10,0.0,1.0,0.0,0.0,0.0,0.0,0.0
eegmmidb,3,official_t3a,official_t3a-8ffd0b99f4d8,screen,5,10,0.0,1.0,0.0,0.0,0.0,0.0,0.0
eegmmidb,3,official_t3a,official_t3a-9b4d8e898405,screen,5,10,0.0,1.0,0.0,0.0,0.0,0.0,0.0
eegmmidb,3,official_t3a,official_t3a-9e453931e045,screen,5,10,0.0,1.0,0.0,0.0,0.0,0.0,0.0
eegmmidb,3,official_t3a,official_t3a-9f2adcc7c346,screen,5,10,0.0,1.0,0.0,0.0,0.0,0.0,0.0
eegmmidb,3,official_t3a,official_t3a-a5457bfbb0ed,screen,5,10,0.0,1.0,0.0,0.0,0.0,0.0,0.0
eegmmidb,3,official_t3a,official_t3a-aba59f0fa928,screen,5,10,0.0,1.0,0.0,0.0,0.0,0.0,0.0
eegmmidb,3,official_t3a,official_t3a-ac131ecdd989,screen,5,10,0.0,1.0,0.0,0.0,0.0,0.0,0.0
eegmmidb,3,official_t3a,official_t3a-ac2100936275,screen,5,10,0.0,1.0,0.0,0.0,0.0,0.0,0.0
eegmmidb,3,official_t3a,official_t3a-b4c42dd0a2b2,screen,5,10,0.0,1.0,0.0,0.0,0.0,0.0,0.0
eegmmidb,3,official_t3a,official_t3a-b7821f677537,screen,5,10,0.0,1.0,0.0,0.0,0.0,0.0,0.0
eegmmidb,3,official_t3a,official_t3a-bafa26fe5adc,screen,5,10,0.0,1.0,0.0,0.0,0.0,0.0,0.0
eegmmidb,3,official_t3a,official_t3a-bbc0d395e0c6,screen,5,10,0.0,1.0,0.0,0.0,0.0,0.0,0.0
eegmmidb,3,official_t3a,official_t3a-be26e63ecbf7,screen,5,10,0.0,1.0,0.0,0.0,0.0,0.0,0.0
eegmmidb,3,official_t3a,official_t3a-c5ff83c3a0b1,screen,5,10,0.0,1.0,0.0,0.0,0.0,0.0,0.0
eegmmidb,3,official_t3a,official_t3a-cd5be7375938,screen,5,10,0.0,1.0,0.0,0.0,0.0,0.0,0.0
eegmmidb,3,official_t3a,official_t3a-cec079630f68,screen,5,10,0.0,1.0,0.0,0.0,0.0,0.0,0.0
eegmmidb,3,official_t3a,official_t3a-d46382cf9803,screen,5,10,0.0,1.0,0.0,0.0,0.0,0.0,0.0
eegmmidb,3,official_t3a,official_t3a-d62bace2bfe1,screen,5,10,0.0,1.0,0.0,0.0,0.0,0.0,0.0
eegmmidb,3,official_t3a,official_t3a-d93a90f59066,screen,5,10,0.0,1.0,0.0,0.0,0.0,0.0,0.0
eegmmidb,3,official_t3a,official_t3a-e05a261d1720,screen,5,10,0.0,1.0,0.0,0.0,0.0,0.0,0.0
eegmmidb,3,official_t3a,official_t3a-e3c7beac6aa7,screen,5,10,0.0,1.0,0.0,0.0,0.0,0.0,0.0
eegmmidb,3,official_t3a,official_t3a-f211f862380d,screen,5,10,0.0,1.0,0.0,0.0,0.0,0.0,0.0
eegmmidb,3,official_t3a,official_t3a-f6864009b48b,screen,5,10,0.0,1.0,0.0,0.0,0.0,0.0,0.0
eegmmidb,3,official_t3a,official_t3a-f79372df9a41,screen,5,10,0.0,1.0,0.0,0.0,0.0,0.0,0.0
eegmmidb,3,official_t3a,official_t3a-fc4eeaf2d3a3,screen,5,10,0.0,1.0,0.0,0.0,0.0,0.0,0.0
eegmmidb,3,official_t3a,official_t3a-fcdc8da0c1ef,screen,5,10,0.0,1.0,0.0,0.0,0.0,0.0,0.0
eegmmidb,3,official_t3a,official_t3a-fe8d884d7f16,screen,5,10,0.0,1.0,0.0,0.0,0.0,0.0,0.0
eegmmidb,3,official_t3a,official_t3a-fea4eb15f49c,screen,5,10,0.0,1.0,0.0,0.0,0.0,0.0,0.0
eegmmidb,3,robust_residual_adapter,robust_residual_adapter-0903d909f1e8,screen,5,10,1.0,1.0,0.0033333333333333214,0.0,0.2,0.0012121212121212078,0.0
eegmmidb,3,robust_residual_adapter,robust_residual_adapter-0f51833db605,screen,5,10,0.0,1.0,0.0,0.0,0.0,0.0,0.0
eegmmidb,3,robust_residual_adapter,robust_residual_adapter-0fc0ca7c17b4,screen,5,10,0.0,1.0,0.0,0.0,0.0,0.0,0.0
eegmmidb,3,robust_residual_adapter,robust_residual_adapter-1031190f5df8,screen,5,10,1.0,1.0,0.0,0.0,0.0,0.0,0.0
eegmmidb,3,robust_residual_adapter,robust_residual_adapter-114da071ca14,screen,5,10,0.0,1.0,0.0,0.0,0.0,0.0,0.0
eegmmidb,3,robust_residual_adapter,robust_residual_adapter-11bea6b7aae8,screen,5,10,0.0,1.0,0.0,0.0,0.0,0.0,0.0
eegmmidb,3,robust_residual_adapter,robust_residual_adapter-18e58b1e3304,screen,5,10,1.0,1.0,-0.018333333333333358,0.008333333333333304,0.6,-0.006833377067569112,0.0
eegmmidb,3,robust_residual_adapter,robust_residual_adapter-1cb202cc9d25,screen,5,10,0.0,1.0,0.0,0.0,0.0,0.0,0.0
eegmmidb,3,robust_residual_adapter,robust_residual_adapter-210e5f3879e9,screen,5,10,1.0,1.0,0.0033333333333333214,0.0,0.2,0.0012121212121212078,0.0
eegmmidb,3,robust_residual_adapter,robust_residual_adapter-211892d39d6a,screen,5,10,1.0,1.0,0.0,0.0,0.0,0.0,0.0
eegmmidb,3,robust_residual_adapter,robust_residual_adapter-222e9cfab599,screen,5,10,0.0,1.0,0.0,0.0,0.0,0.0,0.0
eegmmidb,3,robust_residual_adapter,robust_residual_adapter-23484698f18c,full,30,60,0.9333333333333333,0.8666666666666667,0.00833333333333334,0.0,0.4666666666666667,0.0029152024943097108,0.13333333333333333
eegmmidb,3,robust_residual_adapter,robust_residual_adapter-23484698f18c,screen,5,10,1.0,1.0,0.018333333333333268,0.02499999999999991,0.8,0.006559568784393117,0.0
eegmmidb,3,robust_residual_adapter,robust_residual_adapter-2813104a4458,screen,5,10,0.0,1.0,0.0,0.0,0.0,0.0,0.0
eegmmidb,3,robust_residual_adapter,robust_residual_adapter-2ad3b9ffbf62,screen,5,10,0.0,1.0,0.0,0.0,0.0,0.0,0.0
eegmmidb,3,robust_residual_adapter,robust_residual_adapter-2c51a511fc83,screen,5,10,0.0,1.0,0.0,0.0,0.0,0.0,0.0
eegmmidb,3,robust_residual_adapter,robust_residual_adapter-2d59462de753,screen,5,10,0.0,1.0,0.0,0.0,0.0,0.0,0.0
eegmmidb,3,robust_residual_adapter,robust_residual_adapter-2da64f49c7fe,screen,5,10,0.0,1.0,0.0,0.0,0.0,0.0,0.0
eegmmidb,3,robust_residual_adapter,robust_residual_adapter-315c9d8282e6,screen,5,10,1.0,1.0,0.0033333333333333214,0.0,0.2,0.0012121212121212078,0.0
eegmmidb,3,robust_residual_adapter,robust_residual_adapter-346f250d78e3,full,30,60,0.9333333333333333,0.8666666666666667,0.009722222222222233,0.0,0.5333333333333333,0.0034116885524693922,0.13333333333333333
eegmmidb,3,robust_residual_adapter,robust_residual_adapter-346f250d78e3,screen,5,10,1.0,1.0,0.018333333333333268,0.02499999999999991,0.8,0.006559568784393117,0.0
eegmmidb,3,robust_residual_adapter,robust_residual_adapter-347ea6a7008c,screen,5,10,0.0,1.0,0.0,0.0,0.0,0.0,0.0
eegmmidb,3,robust_residual_adapter,robust_residual_adapter-3923cfe15922,screen,5,10,0.0,1.0,0.0,0.0,0.0,0.0,0.0
eegmmidb,3,robust_residual_adapter,robust_residual_adapter-3a0c4c0168d6,screen,5,10,0.0,1.0,0.0,0.0,0.0,0.0,0.0
eegmmidb,3,robust_residual_adapter,robust_residual_adapter-4290f73e9a6d,screen,5,10,0.0,1.0,0.0,0.0,0.0,0.0,0.0
eegmmidb,3,robust_residual_adapter,robust_residual_adapter-4454e937e0f8,screen,5,10,0.0,1.0,0.0,0.0,0.0,0.0,0.0
eegmmidb,3,robust_residual_adapter,robust_residual_adapter-447ad5fbbc74,screen,5,10,0.0,1.0,0.0,0.0,0.0,0.0,0.0
eegmmidb,3,robust_residual_adapter,robust_residual_adapter-4697532c49d3,screen,5,10,0.0,1.0,0.0,0.0,0.0,0.0,0.0
eegmmidb,3,robust_residual_adapter,robust_residual_adapter-49954ec03dfe,screen,5,10,1.0,1.0,-0.018333333333333358,0.008333333333333304,0.6,-0.006833377067569112,0.0
eegmmidb,3,robust_residual_adapter,robust_residual_adapter-4bf6f4d9d8bd,screen,5,10,1.0,1.0,0.004999999999999982,0.0,0.4,0.001722325293753859,0.0
eegmmidb,3,robust_residual_adapter,robust_residual_adapter-4ee38e8f497d,screen,5,10,0.0,1.0,0.0,0.0,0.0,0.0,0.0
eegmmidb,3,robust_residual_adapter,robust_residual_adapter-52f4b0496586,screen,5,10,0.0,1.0,0.0,0.0,0.0,0.0,0.0
eegmmidb,3,robust_residual_adapter,robust_residual_adapter-54e4ae67fe96,screen,5,10,0.0,1.0,0.0,0.0,0.0,0.0,0.0
eegmmidb,3,robust_residual_adapter,robust_residual_adapter-57ca542d0d07,screen,5,10,0.0,1.0,0.0,0.0,0.0,0.0,0.0
eegmmidb,3,robust_residual_adapter,robust_residual_adapter-5891260e6122,screen,5,10,0.0,1.0,0.0,0.0,0.0,0.0,0.0
eegmmidb,3,robust_residual_adapter,robust_residual_adapter-5a9f0082f38d,screen,5,10,0.0,1.0,0.0,0.0,0.0,0.0,0.0
eegmmidb,3,robust_residual_adapter,robust_residual_adapter-5ac4f24014a4,screen,5,10,1.0,1.0,0.008333333333333304,0.008333333333333304,0.6,0.003009514121926289,0.0
eegmmidb,3,robust_residual_adapter,robust_residual_adapter-611b5cab97e0,screen,5,10,0.0,1.0,0.0,0.0,0.0,0.0,0.0
eegmmidb,3,robust_residual_adapter,robust_residual_adapter-6cafa4365e12,screen,5,10,0.0,1.0,0.0,0.0,0.0,0.0,0.0
eegmmidb,3,robust_residual_adapter,robust_residual_adapter-6e3bc7245fb2,screen,5,10,0.0,1.0,0.0,0.0,0.0,0.0,0.0
eegmmidb,3,robust_residual_adapter,robust_residual_adapter-6e54d31acf02,full,30,60,0.9333333333333333,0.8666666666666667,0.009722222222222233,0.0,0.5333333333333333,0.0034116885524693922,0.13333333333333333
eegmmidb,3,robust_residual_adapter,robust_residual_adapter-6e54d31acf02,screen,5,10,1.0,1.0,0.018333333333333268,0.02499999999999991,0.8,0.006559568784393117,0.0
eegmmidb,3,robust_residual_adapter,robust_residual_adapter-6fed6ff5d282,screen,5,10,1.0,1.0,0.0033333333333333214,0.0,0.2,0.0012121212121212078,0.0
eegmmidb,3,robust_residual_adapter,robust_residual_adapter-713200d653b1,screen,5,10,0.0,1.0,0.0,0.0,0.0,0.0,0.0
eegmmidb,3,robust_residual_adapter,robust_residual_adapter-729e699224f4,screen,5,10,0.0,1.0,0.0,0.0,0.0,0.0,0.0
eegmmidb,3,robust_residual_adapter,robust_residual_adapter-74d7008fe0e3,screen,5,10,1.0,1.0,0.008333333333333304,0.008333333333333304,0.6,0.003009514121926289,0.0
eegmmidb,3,robust_residual_adapter,robust_residual_adapter-767bb840c2da,full,30,60,0.9333333333333333,0.8666666666666667,0.00833333333333334,0.0,0.4666666666666667,0.0029152024943097108,0.13333333333333333
eegmmidb,3,robust_residual_adapter,robust_residual_adapter-767bb840c2da,screen,5,10,1.0,1.0,0.018333333333333268,0.02499999999999991,0.8,0.006559568784393117,0.0
eegmmidb,3,robust_residual_adapter,robust_residual_adapter-77b994397baf,screen,5,10,0.0,1.0,0.0,0.0,0.0,0.0,0.0
eegmmidb,3,robust_residual_adapter,robust_residual_adapter-795a15228f62,screen,5,10,0.0,1.0,0.0,0.0,0.0,0.0,0.0
eegmmidb,3,robust_residual_adapter,robust_residual_adapter-7ae126920514,screen,5,10,1.0,1.0,0.004999999999999982,0.0,0.4,0.001722325293753859,0.0
eegmmidb,3,robust_residual_adapter,robust_residual_adapter-7c802672cabf,screen,5,10,1.0,1.0,0.0033333333333333214,0.0,0.2,0.0012121212121212078,0.0
eegmmidb,3,robust_residual_adapter,robust_residual_adapter-7cd697259ffc,screen,5,10,1.0,1.0,0.0033333333333333214,0.0,0.2,0.0012121212121212078,0.0
eegmmidb,3,robust_residual_adapter,robust_residual_adapter-808e998f02ef,screen,5,10,1.0,1.0,0.018333333333333268,0.02499999999999991,0.8,0.006559568784393117,0.0
eegmmidb,3,robust_residual_adapter,robust_residual_adapter-81635b9b8859,screen,5,10,1.0,1.0,-0.018333333333333358,0.008333333333333304,0.6,-0.006833377067569112,0.0
eegmmidb,3,robust_residual_adapter,robust_residual_adapter-84d05e4804c7,screen,5,10,1.0,1.0,0.0033333333333333214,0.0,0.2,0.0012121212121212078,0.0
eegmmidb,3,robust_residual_adapter,robust_residual_adapter-873c96152a25,screen,5,10,1.0,1.0,0.004999999999999982,0.0,0.4,0.001722325293753859,0.0
eegmmidb,3,robust_residual_adapter,robust_residual_adapter-93449664e240,screen,5,10,0.0,1.0,0.0,0.0,0.0,0.0,0.0
eegmmidb,3,robust_residual_adapter,robust_residual_adapter-93ae432f20f8,screen,5,10,0.0,1.0,0.0,0.0,0.0,0.0,0.0
eegmmidb,3,robust_residual_adapter,robust_residual_adapter-93f6280bb4c8,screen,5,10,0.0,1.0,0.0,0.0,0.0,0.0,0.0
eegmmidb,3,robust_residual_adapter,robust_residual_adapter-a1c07080b118,screen,5,10,1.0,1.0,0.0033333333333333214,0.0,0.2,0.0012121212121212078,0.0
eegmmidb,3,robust_residual_adapter,robust_residual_adapter-a3435345e5e9,screen,5,10,0.0,1.0,0.0,0.0,0.0,0.0,0.0
eegmmidb,3,robust_residual_adapter,robust_residual_adapter-a4da2f80d3e5,screen,5,10,1.0,1.0,0.008333333333333304,0.008333333333333304,0.6,0.003009514121926289,0.0
eegmmidb,3,robust_residual_adapter,robust_residual_adapter-af85a8b63f29,screen,5,10,0.0,1.0,0.0,0.0,0.0,0.0,0.0
eegmmidb,3,robust_residual_adapter,robust_residual_adapter-b49494405d84,screen,5,10,0.0,1.0,0.0,0.0,0.0,0.0,0.0
eegmmidb,3,robust_residual_adapter,robust_residual_adapter-b5c5fea8efb0,screen,5,10,0.0,1.0,0.0,0.0,0.0,0.0,0.0
eegmmidb,3,robust_residual_adapter,robust_residual_adapter-b928650c17c2,screen,5,10,0.0,1.0,0.0,0.0,0.0,0.0,0.0
eegmmidb,3,robust_residual_adapter,robust_residual_adapter-c2259f90f700,screen,5,10,0.0,1.0,0.0,0.0,0.0,0.0,0.0
eegmmidb,3,robust_residual_adapter,robust_residual_adapter-c57fb28bc115,screen,5,10,0.0,1.0,0.0,0.0,0.0,0.0,0.0
eegmmidb,3,robust_residual_adapter,robust_residual_adapter-d07a79671dd4,screen,5,10,0.0,1.0,0.0,0.0,0.0,0.0,0.0
eegmmidb,3,robust_residual_adapter,robust_residual_adapter-d2667f23ec3e,screen,5,10,0.0,1.0,0.0,0.0,0.0,0.0,0.0
eegmmidb,3,robust_residual_adapter,robust_residual_adapter-d7b8f3cdfb05,screen,5,10,0.0,1.0,0.0,0.0,0.0,0.0,0.0
eegmmidb,3,robust_residual_adapter,robust_residual_adapter-d861b8fa6026,screen,5,10,1.0,1.0,0.018333333333333268,0.02499999999999991,0.8,0.006559568784393117,0.0
eegmmidb,3,robust_residual_adapter,robust_residual_adapter-d96b3a8ccc78,screen,5,10,0.0,1.0,0.0,0.0,0.0,0.0,0.0
eegmmidb,3,robust_residual_adapter,robust_residual_adapter-da505056854e,screen,5,10,0.0,1.0,0.0,0.0,0.0,0.0,0.0
eegmmidb,3,robust_residual_adapter,robust_residual_adapter-e07d240e114d,screen,5,10,0.0,1.0,0.0,0.0,0.0,0.0,0.0
eegmmidb,3,robust_residual_adapter,robust_residual_adapter-e0c374bf31de,screen,5,10,0.0,1.0,0.0,0.0,0.0,0.0,0.0
eegmmidb,3,robust_residual_adapter,robust_residual_adapter-e19b5c78110b,screen,5,10,1.0,1.0,0.0,0.0,0.0,0.0,0.0
eegmmidb,3,robust_residual_adapter,robust_residual_adapter-e47abe2e3f95,screen,5,10,0.0,1.0,0.0,0.0,0.0,0.0,0.0
eegmmidb,3,robust_residual_adapter,robust_residual_adapter-e7baf271ea28,screen,5,10,0.0,1.0,0.0,0.0,0.0,0.0,0.0
eegmmidb,3,robust_residual_adapter,robust_residual_adapter-eb848adad861,screen,5,10,0.0,1.0,0.0,0.0,0.0,0.0,0.0
eegmmidb,3,robust_residual_adapter,robust_residual_adapter-f5dd3b59939d,screen,5,10,0.0,1.0,0.0,0.0,0.0,0.0,0.0
eegmmidb,3,robust_residual_adapter,robust_residual_adapter-f87e3cb66488,screen,5,10,1.0,1.0,0.0033333333333333214,0.0,0.2,0.0012121212121212078,0.0
eegmmidb,3,robust_residual_adapter,robust_residual_adapter-fa6b0757f840,screen,5,10,0.0,1.0,0.0,0.0,0.0,0.0,0.0
eegmmidb,3,robust_residual_adapter,robust_residual_adapter-fb66260eee84,screen,5,10,0.0,1.0,0.0,0.0,0.0,0.0,0.0
eegmmidb,4,official_t3a,official_t3a-06d8b003eb93,full,30,60,0.0,1.0,0.0,0.0,0.0,0.0,0.0
eegmmidb,4,official_t3a,official_t3a-06d8b003eb93,screen,5,10,0.0,1.0,0.0,0.0,0.0,0.0,0.0
eegmmidb,4,official_t3a,official_t3a-0ad43336d54d,full,30,60,0.0,1.0,0.0,0.0,0.0,0.0,0.0
eegmmidb,4,official_t3a,official_t3a-0ad43336d54d,screen,5,10,0.0,1.0,0.0,0.0,0.0,0.0,0.0
eegmmidb,4,official_t3a,official_t3a-0e621b80ffab,full,30,60,0.0,1.0,0.0,0.0,0.0,0.0,0.0
eegmmidb,4,official_t3a,official_t3a-0e621b80ffab,screen,5,10,0.0,1.0,0.0,0.0,0.0,0.0,0.0
eegmmidb,4,official_t3a,official_t3a-13d4c0513513,full,30,60,0.0,1.0,0.0,0.0,0.0,0.0,0.0
eegmmidb,4,official_t3a,official_t3a-13d4c0513513,screen,5,10,0.0,1.0,0.0,0.0,0.0,0.0,0.0
eegmmidb,4,official_t3a,official_t3a-144500a6c2c9,screen,5,10,0.0,1.0,0.0,0.0,0.0,0.0,0.0
eegmmidb,4,official_t3a,official_t3a-15d1c1238f85,screen,5,10,0.0,1.0,0.0,0.0,0.0,0.0,0.0
eegmmidb,4,official_t3a,official_t3a-160151fe47b0,screen,5,10,0.0,1.0,0.0,0.0,0.0,0.0,0.0
eegmmidb,4,official_t3a,official_t3a-19d755d81622,screen,5,10,0.0,1.0,0.0,0.0,0.0,0.0,0.0
eegmmidb,4,official_t3a,official_t3a-1b21f505fa19,screen,5,10,0.0,1.0,0.0,0.0,0.0,0.0,0.0
eegmmidb,4,official_t3a,official_t3a-1cd8f78ab3b9,screen,5,10,0.0,1.0,0.0,0.0,0.0,0.0,0.0
eegmmidb,4,official_t3a,official_t3a-33e1e1533a51,screen,5,10,0.0,1.0,0.0,0.0,0.0,0.0,0.0
eegmmidb,4,official_t3a,official_t3a-3c65a4b467bf,screen,5,10,0.0,1.0,0.0,0.0,0.0,0.0,0.0
eegmmidb,4,official_t3a,official_t3a-3d0042962596,screen,5,10,0.0,1.0,0.0,0.0,0.0,0.0,0.0
eegmmidb,4,official_t3a,official_t3a-43075eda5955,screen,5,10,0.0,1.0,0.0,0.0,0.0,0.0,0.0
eegmmidb,4,official_t3a,official_t3a-440f320260e9,screen,5,10,0.0,1.0,0.0,0.0,0.0,0.0,0.0
eegmmidb,4,official_t3a,official_t3a-479b6b536039,screen,5,10,0.0,1.0,0.0,0.0,0.0,0.0,0.0
eegmmidb,4,official_t3a,official_t3a-4d02344bcd4c,screen,5,10,0.0,1.0,0.0,0.0,0.0,0.0,0.0
eegmmidb,4,official_t3a,official_t3a-4e5a4bec08c8,screen,5,10,0.0,1.0,0.0,0.0,0.0,0.0,0.0
eegmmidb,4,official_t3a,official_t3a-5346e45e4b51,screen,5,10,0.0,1.0,0.0,0.0,0.0,0.0,0.0
eegmmidb,4,official_t3a,official_t3a-657ab5cee244,screen,5,10,0.0,1.0,0.0,0.0,0.0,0.0,0.0
eegmmidb,4,official_t3a,official_t3a-66cffaa0cfbf,screen,5,10,0.0,1.0,0.0,0.0,0.0,0.0,0.0
eegmmidb,4,official_t3a,official_t3a-681aff0cf518,screen,5,10,0.0,1.0,0.0,0.0,0.0,0.0,0.0
eegmmidb,4,official_t3a,official_t3a-6a7d74f43497,screen,5,10,0.0,1.0,0.0,0.0,0.0,0.0,0.0
eegmmidb,4,official_t3a,official_t3a-6c35d4c73d3b,screen,5,10,0.0,1.0,0.0,0.0,0.0,0.0,0.0
eegmmidb,4,official_t3a,official_t3a-7375bfddb4ab,screen,5,10,0.0,1.0,0.0,0.0,0.0,0.0,0.0
eegmmidb,4,official_t3a,official_t3a-74f4030be5f2,screen,5,10,0.0,1.0,0.0,0.0,0.0,0.0,0.0
eegmmidb,4,official_t3a,official_t3a-7f612f134cb1,screen,5,10,0.0,1.0,0.0,0.0,0.0,0.0,0.0
eegmmidb,4,official_t3a,official_t3a-800df3f5aa78,screen,5,10,0.0,1.0,0.0,0.0,0.0,0.0,0.0
eegmmidb,4,official_t3a,official_t3a-8434a102ab54,screen,5,10,0.0,1.0,0.0,0.0,0.0,0.0,0.0
eegmmidb,4,official_t3a,official_t3a-86e1d9fb207d,screen,5,10,0.0,1.0,0.0,0.0,0.0,0.0,0.0
eegmmidb,4,official_t3a,official_t3a-88a4a49a2a8e,screen,5,10,0.0,1.0,0.0,0.0,0.0,0.0,0.0
eegmmidb,4,official_t3a,official_t3a-89096a110557,screen,5,10,0.0,1.0,0.0,0.0,0.0,0.0,0.0
eegmmidb,4,official_t3a,official_t3a-8c3c9be668a5,screen,5,10,0.0,1.0,0.0,0.0,0.0,0.0,0.0
eegmmidb,4,official_t3a,official_t3a-8c75502a746d,screen,5,10,0.0,1.0,0.0,0.0,0.0,0.0,0.0
eegmmidb,4,official_t3a,official_t3a-8e12c98fe2f1,screen,5,10,0.0,1.0,0.0,0.0,0.0,0.0,0.0
eegmmidb,4,official_t3a,official_t3a-8eb90e7c0e56,screen,5,10,0.0,1.0,0.0,0.0,0.0,0.0,0.0
eegmmidb,4,official_t3a,official_t3a-8ffd0b99f4d8,screen,5,10,0.0,1.0,0.0,0.0,0.0,0.0,0.0
eegmmidb,4,official_t3a,official_t3a-9b4d8e898405,screen,5,10,0.0,1.0,0.0,0.0,0.0,0.0,0.0
eegmmidb,4,official_t3a,official_t3a-9e453931e045,screen,5,10,0.0,1.0,0.0,0.0,0.0,0.0,0.0
eegmmidb,4,official_t3a,official_t3a-9f2adcc7c346,screen,5,10,0.0,1.0,0.0,0.0,0.0,0.0,0.0
eegmmidb,4,official_t3a,official_t3a-a5457bfbb0ed,screen,5,10,0.0,1.0,0.0,0.0,0.0,0.0,0.0
eegmmidb,4,official_t3a,official_t3a-aba59f0fa928,screen,5,10,0.0,1.0,0.0,0.0,0.0,0.0,0.0
eegmmidb,4,official_t3a,official_t3a-ac131ecdd989,screen,5,10,0.0,1.0,0.0,0.0,0.0,0.0,0.0
eegmmidb,4,official_t3a,official_t3a-ac2100936275,screen,5,10,0.0,1.0,0.0,0.0,0.0,0.0,0.0
eegmmidb,4,official_t3a,official_t3a-b4c42dd0a2b2,screen,5,10,0.0,1.0,0.0,0.0,0.0,0.0,0.0
eegmmidb,4,official_t3a,official_t3a-b7821f677537,screen,5,10,0.0,1.0,0.0,0.0,0.0,0.0,0.0
eegmmidb,4,official_t3a,official_t3a-bafa26fe5adc,screen,5,10,0.0,1.0,0.0,0.0,0.0,0.0,0.0
eegmmidb,4,official_t3a,official_t3a-bbc0d395e0c6,screen,5,10,0.0,1.0,0.0,0.0,0.0,0.0,0.0
eegmmidb,4,official_t3a,official_t3a-be26e63ecbf7,screen,5,10,0.0,1.0,0.0,0.0,0.0,0.0,0.0
eegmmidb,4,official_t3a,official_t3a-c5ff83c3a0b1,screen,5,10,0.0,1.0,0.0,0.0,0.0,0.0,0.0
eegmmidb,4,official_t3a,official_t3a-cd5be7375938,screen,5,10,0.0,1.0,0.0,0.0,0.0,0.0,0.0
eegmmidb,4,official_t3a,official_t3a-cec079630f68,screen,5,10,0.0,1.0,0.0,0.0,0.0,0.0,0.0
eegmmidb,4,official_t3a,official_t3a-d46382cf9803,screen,5,10,0.0,1.0,0.0,0.0,0.0,0.0,0.0
eegmmidb,4,official_t3a,official_t3a-d62bace2bfe1,screen,5,10,0.0,1.0,0.0,0.0,0.0,0.0,0.0
eegmmidb,4,official_t3a,official_t3a-d93a90f59066,screen,5,10,0.0,1.0,0.0,0.0,0.0,0.0,0.0
eegmmidb,4,official_t3a,official_t3a-e05a261d1720,screen,5,10,0.0,1.0,0.0,0.0,0.0,0.0,0.0
eegmmidb,4,official_t3a,official_t3a-e3c7beac6aa7,screen,5,10,0.0,1.0,0.0,0.0,0.0,0.0,0.0
eegmmidb,4,official_t3a,official_t3a-f211f862380d,screen,5,10,0.0,1.0,0.0,0.0,0.0,0.0,0.0
eegmmidb,4,official_t3a,official_t3a-f6864009b48b,screen,5,10,0.0,1.0,0.0,0.0,0.0,0.0,0.0
eegmmidb,4,official_t3a,official_t3a-f79372df9a41,screen,5,10,0.0,1.0,0.0,0.0,0.0,0.0,0.0
eegmmidb,4,official_t3a,official_t3a-fc4eeaf2d3a3,screen,5,10,0.0,1.0,0.0,0.0,0.0,0.0,0.0
eegmmidb,4,official_t3a,official_t3a-fcdc8da0c1ef,screen,5,10,0.0,1.0,0.0,0.0,0.0,0.0,0.0
eegmmidb,4,official_t3a,official_t3a-fe8d884d7f16,screen,5,10,0.0,1.0,0.0,0.0,0.0,0.0,0.0
eegmmidb,4,official_t3a,official_t3a-fea4eb15f49c,screen,5,10,0.0,1.0,0.0,0.0,0.0,0.0,0.0
eegmmidb,4,robust_residual_adapter,robust_residual_adapter-0903d909f1e8,full,30,60,0.8666666666666667,0.9666666666666667,0.00194444444444443,0.0,0.16666666666666666,0.0005728183489681321,0.03333333333333333
eegmmidb,4,robust_residual_adapter,robust_residual_adapter-0903d909f1e8,screen,5,10,1.0,1.0,0.008333333333333259,0.008333333333333304,0.6,0.0024411107362599946,0.0
eegmmidb,4,robust_residual_adapter,robust_residual_adapter-0f51833db605,screen,5,10,0.0,1.0,0.0,0.0,0.0,0.0,0.0
eegmmidb,4,robust_residual_adapter,robust_residual_adapter-0fc0ca7c17b4,screen,5,10,0.0,1.0,0.0,0.0,0.0,0.0,0.0
eegmmidb,4,robust_residual_adapter,robust_residual_adapter-1031190f5df8,screen,5,10,1.0,1.0,0.0,0.0,0.0,0.0,0.0
eegmmidb,4,robust_residual_adapter,robust_residual_adapter-114da071ca14,screen,5,10,0.0,1.0,0.0,0.0,0.0,0.0,0.0
eegmmidb,4,robust_residual_adapter,robust_residual_adapter-11bea6b7aae8,screen,5,10,0.0,1.0,0.0,0.0,0.0,0.0,0.0
eegmmidb,4,robust_residual_adapter,robust_residual_adapter-18e58b1e3304,screen,5,10,1.0,0.8,-0.011666666666666714,0.016666666666666607,0.6,-0.0038569909462057572,0.2
eegmmidb,4,robust_residual_adapter,robust_residual_adapter-1cb202cc9d25,screen,5,10,0.0,1.0,0.0,0.0,0.0,0.0,0.0
eegmmidb,4,robust_residual_adapter,robust_residual_adapter-210e5f3879e9,full,30,60,0.8666666666666667,0.9666666666666667,0.00194444444444443,0.0,0.16666666666666666,0.0005728183489681321,0.03333333333333333
eegmmidb,4,robust_residual_adapter,robust_residual_adapter-210e5f3879e9,screen,5,10,1.0,1.0,0.008333333333333259,0.008333333333333304,0.6,0.0024411107362599946,0.0
eegmmidb,4,robust_residual_adapter,robust_residual_adapter-211892d39d6a,screen,5,10,1.0,1.0,0.0,0.0,0.0,0.0,0.0
eegmmidb,4,robust_residual_adapter,robust_residual_adapter-222e9cfab599,screen,5,10,0.0,1.0,0.0,0.0,0.0,0.0,0.0
eegmmidb,4,robust_residual_adapter,robust_residual_adapter-23484698f18c,screen,5,10,1.0,0.8,-0.023333333333333338,0.0,0.4,-0.007558295387060728,0.2
eegmmidb,4,robust_residual_adapter,robust_residual_adapter-2813104a4458,screen,5,10,0.0,1.0,0.0,0.0,0.0,0.0,0.0
eegmmidb,4,robust_residual_adapter,robust_residual_adapter-2ad3b9ffbf62,screen,5,10,0.0,1.0,0.0,0.0,0.0,0.0,0.0
eegmmidb,4,robust_residual_adapter,robust_residual_adapter-2c51a511fc83,screen,5,10,0.0,1.0,0.0,0.0,0.0,0.0,0.0
eegmmidb,4,robust_residual_adapter,robust_residual_adapter-2d59462de753,screen,5,10,0.0,1.0,0.0,0.0,0.0,0.0,0.0
eegmmidb,4,robust_residual_adapter,robust_residual_adapter-2da64f49c7fe,screen,5,10,0.0,1.0,0.0,0.0,0.0,0.0,0.0
eegmmidb,4,robust_residual_adapter,robust_residual_adapter-315c9d8282e6,screen,5,10,1.0,1.0,0.003333333333333277,0.0,0.4,0.0009692439206271007,0.0
eegmmidb,4,robust_residual_adapter,robust_residual_adapter-346f250d78e3,screen,5,10,1.0,0.8,-0.018333333333333358,0.016666666666666607,0.6,-0.005952741205848927,0.2
eegmmidb,4,robust_residual_adapter,robust_residual_adapter-347ea6a7008c,screen,5,10,0.0,1.0,0.0,0.0,0.0,0.0,0.0
eegmmidb,4,robust_residual_adapter,robust_residual_adapter-3923cfe15922,screen,5,10,0.0,1.0,0.0,0.0,0.0,0.0,0.0
eegmmidb,4,robust_residual_adapter,robust_residual_adapter-3a0c4c0168d6,screen,5,10,0.0,1.0,0.0,0.0,0.0,0.0,0.0
eegmmidb,4,robust_residual_adapter,robust_residual_adapter-4290f73e9a6d,screen,5,10,0.0,1.0,0.0,0.0,0.0,0.0,0.0
eegmmidb,4,robust_residual_adapter,robust_residual_adapter-4454e937e0f8,screen,5,10,0.0,1.0,0.0,0.0,0.0,0.0,0.0
eegmmidb,4,robust_residual_adapter,robust_residual_adapter-447ad5fbbc74,screen,5,10,0.0,1.0,0.0,0.0,0.0,0.0,0.0
eegmmidb,4,robust_residual_adapter,robust_residual_adapter-4697532c49d3,screen,5,10,0.0,1.0,0.0,0.0,0.0,0.0,0.0
eegmmidb,4,robust_residual_adapter,robust_residual_adapter-49954ec03dfe,screen,5,10,1.0,0.8,-0.011666666666666714,0.016666666666666607,0.6,-0.0038569909462057572,0.2
eegmmidb,4,robust_residual_adapter,robust_residual_adapter-4bf6f4d9d8bd,screen,5,10,1.0,0.8,-0.028333333333333367,0.0,0.4,-0.00933440870234866,0.2
eegmmidb,4,robust_residual_adapter,robust_residual_adapter-4ee38e8f497d,screen,5,10,0.0,1.0,0.0,0.0,0.0,0.0,0.0
eegmmidb,4,robust_residual_adapter,robust_residual_adapter-52f4b0496586,screen,5,10,0.0,1.0,0.0,0.0,0.0,0.0,0.0
eegmmidb,4,robust_residual_adapter,robust_residual_adapter-54e4ae67fe96,screen,5,10,0.0,1.0,0.0,0.0,0.0,0.0,0.0
eegmmidb,4,robust_residual_adapter,robust_residual_adapter-57ca542d0d07,screen,5,10,0.0,1.0,0.0,0.0,0.0,0.0,0.0
eegmmidb,4,robust_residual_adapter,robust_residual_adapter-5891260e6122,screen,5,10,0.0,1.0,0.0,0.0,0.0,0.0,0.0
eegmmidb,4,robust_residual_adapter,robust_residual_adapter-5a9f0082f38d,screen,5,10,0.0,1.0,0.0,0.0,0.0,0.0,0.0
eegmmidb,4,robust_residual_adapter,robust_residual_adapter-5ac4f24014a4,screen,5,10,1.0,0.8,-0.028333333333333367,0.0,0.4,-0.00933440870234866,0.2
eegmmidb,4,robust_residual_adapter,robust_residual_adapter-611b5cab97e0,screen,5,10,0.0,1.0,0.0,0.0,0.0,0.0,0.0
eegmmidb,4,robust_residual_adapter,robust_residual_adapter-6cafa4365e12,screen,5,10,0.0,1.0,0.0,0.0,0.0,0.0,0.0
eegmmidb,4,robust_residual_adapter,robust_residual_adapter-6e3bc7245fb2,screen,5,10,0.0,1.0,0.0,0.0,0.0,0.0,0.0
eegmmidb,4,robust_residual_adapter,robust_residual_adapter-6e54d31acf02,screen,5,10,1.0,0.8,-0.018333333333333358,0.016666666666666607,0.6,-0.005952741205848927,0.2
eegmmidb,4,robust_residual_adapter,robust_residual_adapter-6fed6ff5d282,screen,5,10,1.0,1.0,0.003333333333333277,0.0,0.4,0.0009692439206271007,0.0
eegmmidb,4,robust_residual_adapter,robust_residual_adapter-713200d653b1,screen,5,10,0.0,1.0,0.0,0.0,0.0,0.0,0.0
eegmmidb,4,robust_residual_adapter,robust_residual_adapter-729e699224f4,screen,5,10,0.0,1.0,0.0,0.0,0.0,0.0,0.0
eegmmidb,4,robust_residual_adapter,robust_residual_adapter-74d7008fe0e3,screen,5,10,1.0,0.8,-0.028333333333333367,0.0,0.4,-0.00933440870234866,0.2
eegmmidb,4,robust_residual_adapter,robust_residual_adapter-767bb840c2da,screen,5,10,1.0,0.8,-0.023333333333333338,0.0,0.4,-0.007558295387060728,0.2
eegmmidb,4,robust_residual_adapter,robust_residual_adapter-77b994397baf,screen,5,10,0.0,1.0,0.0,0.0,0.0,0.0,0.0
eegmmidb,4,robust_residual_adapter,robust_residual_adapter-795a15228f62,screen,5,10,0.0,1.0,0.0,0.0,0.0,0.0,0.0
eegmmidb,4,robust_residual_adapter,robust_residual_adapter-7ae126920514,screen,5,10,1.0,0.8,-0.028333333333333367,0.0,0.4,-0.00933440870234866,0.2
eegmmidb,4,robust_residual_adapter,robust_residual_adapter-7c802672cabf,screen,5,10,1.0,1.0,0.003333333333333277,0.0,0.4,0.0009692439206271007,0.0
eegmmidb,4,robust_residual_adapter,robust_residual_adapter-7cd697259ffc,full,30,60,0.8666666666666667,0.9666666666666667,0.00194444444444443,0.0,0.16666666666666666,0.0005728183489681321,0.03333333333333333
eegmmidb,4,robust_residual_adapter,robust_residual_adapter-7cd697259ffc,screen,5,10,1.0,1.0,0.008333333333333259,0.008333333333333304,0.6,0.0024411107362599946,0.0
eegmmidb,4,robust_residual_adapter,robust_residual_adapter-808e998f02ef,screen,5,10,1.0,0.8,-0.018333333333333358,0.016666666666666607,0.6,-0.005952741205848927,0.2
eegmmidb,4,robust_residual_adapter,robust_residual_adapter-81635b9b8859,screen,5,10,1.0,0.8,-0.011666666666666714,0.016666666666666607,0.6,-0.0038569909462057572,0.2
eegmmidb,4,robust_residual_adapter,robust_residual_adapter-84d05e4804c7,full,30,60,0.8666666666666667,0.9666666666666667,0.00194444444444443,0.0,0.16666666666666666,0.0005728183489681321,0.03333333333333333
eegmmidb,4,robust_residual_adapter,robust_residual_adapter-84d05e4804c7,screen,5,10,1.0,1.0,0.008333333333333259,0.008333333333333304,0.6,0.0024411107362599946,0.0
eegmmidb,4,robust_residual_adapter,robust_residual_adapter-873c96152a25,screen,5,10,1.0,0.8,-0.028333333333333367,0.0,0.4,-0.00933440870234866,0.2
eegmmidb,4,robust_residual_adapter,robust_residual_adapter-93449664e240,screen,5,10,0.0,1.0,0.0,0.0,0.0,0.0,0.0
eegmmidb,4,robust_residual_adapter,robust_residual_adapter-93ae432f20f8,screen,5,10,0.0,1.0,0.0,0.0,0.0,0.0,0.0
eegmmidb,4,robust_residual_adapter,robust_residual_adapter-93f6280bb4c8,screen,5,10,0.0,1.0,0.0,0.0,0.0,0.0,0.0
eegmmidb,4,robust_residual_adapter,robust_residual_adapter-a1c07080b118,screen,5,10,1.0,1.0,0.008333333333333259,0.008333333333333304,0.6,0.0024411107362599946,0.0
eegmmidb,4,robust_residual_adapter,robust_residual_adapter-a3435345e5e9,screen,5,10,0.0,1.0,0.0,0.0,0.0,0.0,0.0
eegmmidb,4,robust_residual_adapter,robust_residual_adapter-a4da2f80d3e5,screen,5,10,1.0,0.8,-0.028333333333333367,0.0,0.4,-0.00933440870234866,0.2
eegmmidb,4,robust_residual_adapter,robust_residual_adapter-af85a8b63f29,screen,5,10,0.0,1.0,0.0,0.0,0.0,0.0,0.0
eegmmidb,4,robust_residual_adapter,robust_residual_adapter-b49494405d84,screen,5,10,0.0,1.0,0.0,0.0,0.0,0.0,0.0
eegmmidb,4,robust_residual_adapter,robust_residual_adapter-b5c5fea8efb0,screen,5,10,0.0,1.0,0.0,0.0,0.0,0.0,0.0
eegmmidb,4,robust_residual_adapter,robust_residual_adapter-b928650c17c2,screen,5,10,0.0,1.0,0.0,0.0,0.0,0.0,0.0
eegmmidb,4,robust_residual_adapter,robust_residual_adapter-c2259f90f700,screen,5,10,0.0,1.0,0.0,0.0,0.0,0.0,0.0
eegmmidb,4,robust_residual_adapter,robust_residual_adapter-c57fb28bc115,screen,5,10,0.0,1.0,0.0,0.0,0.0,0.0,0.0
eegmmidb,4,robust_residual_adapter,robust_residual_adapter-d07a79671dd4,screen,5,10,0.0,1.0,0.0,0.0,0.0,0.0,0.0
eegmmidb,4,robust_residual_adapter,robust_residual_adapter-d2667f23ec3e,screen,5,10,0.0,1.0,0.0,0.0,0.0,0.0,0.0
eegmmidb,4,robust_residual_adapter,robust_residual_adapter-d7b8f3cdfb05,screen,5,10,0.0,1.0,0.0,0.0,0.0,0.0,0.0
eegmmidb,4,robust_residual_adapter,robust_residual_adapter-d861b8fa6026,screen,5,10,1.0,0.8,-0.023333333333333338,0.0,0.4,-0.007558295387060728,0.2
eegmmidb,4,robust_residual_adapter,robust_residual_adapter-d96b3a8ccc78,screen,5,10,0.0,1.0,0.0,0.0,0.0,0.0,0.0
eegmmidb,4,robust_residual_adapter,robust_residual_adapter-da505056854e,screen,5,10,0.0,1.0,0.0,0.0,0.0,0.0,0.0
eegmmidb,4,robust_residual_adapter,robust_residual_adapter-e07d240e114d,screen,5,10,0.0,1.0,0.0,0.0,0.0,0.0,0.0
eegmmidb,4,robust_residual_adapter,robust_residual_adapter-e0c374bf31de,screen,5,10,0.0,1.0,0.0,0.0,0.0,0.0,0.0
eegmmidb,4,robust_residual_adapter,robust_residual_adapter-e19b5c78110b,screen,5,10,1.0,1.0,0.0,0.0,0.0,0.0,0.0
eegmmidb,4,robust_residual_adapter,robust_residual_adapter-e47abe2e3f95,screen,5,10,0.0,1.0,0.0,0.0,0.0,0.0,0.0
eegmmidb,4,robust_residual_adapter,robust_residual_adapter-e7baf271ea28,screen,5,10,0.0,1.0,0.0,0.0,0.0,0.0,0.0
eegmmidb,4,robust_residual_adapter,robust_residual_adapter-eb848adad861,screen,5,10,0.0,1.0,0.0,0.0,0.0,0.0,0.0
eegmmidb,4,robust_residual_adapter,robust_residual_adapter-f5dd3b59939d,screen,5,10,0.0,1.0,0.0,0.0,0.0,0.0,0.0
eegmmidb,4,robust_residual_adapter,robust_residual_adapter-f87e3cb66488,screen,5,10,1.0,1.0,0.008333333333333259,0.008333333333333304,0.6,0.0024411107362599946,0.0
eegmmidb,4,robust_residual_adapter,robust_residual_adapter-fa6b0757f840,screen,5,10,0.0,1.0,0.0,0.0,0.0,0.0,0.0
eegmmidb,4,robust_residual_adapter,robust_residual_adapter-fb66260eee84,screen,5,10,0.0,1.0,0.0,0.0,0.0,0.0,0.0
